﻿상세영업상태명,지번주소,사업장명
영업중,서울특별시 강남구 신사동,채운
영업중,서울특별시 강남구 신사동,젠하이더웨이
영업중,서울특별시 강남구 신사동,드마리
영업중,서울특별시 강남구 신사동,그라노
영업중,서울특별시 강남구 신사동,더키친살바토레쿠오모압구정점
영업중,서울특별시 강남구 신사동,레스토랑 호카이도
영업중,서울특별시 강남구 신사동,일일향
