﻿상호명,지번주소
고향생막걸리,서울특별시 강남구 신사동
탐앤탐스,서울특별시 강남구 신사동
밀크포차,서울특별시 강남구 신사동
강호동육칠팔찜,서울특별시 강남구 신사동
대감왕족발,서울특별시 강남구 신사동
오만복,서울특별시 강남구 신사동
가로수펍,서울특별시 강남구 신사동
공차압구정로데오점,서울특별시 강남구 신사동
호우시절,서울특별시 강남구 신사동
그림,서울특별시 강남구 신사동
광화문미진,서울특별시 강남구 신사동
푸드카페김밥천국,서울특별시 강남구 신사동
전주순대국감자탕,서울특별시 강남구 신사동
스타벅스,서울특별시 강남구 신사동
야카모즈로스팅,서울특별시 강남구 신사동
피프티,서울특별시 강남구 신사동
기가일식,서울특별시 강남구 신사동
왕소금숯불돼지갈비,서울특별시 강남구 신사동
바르다김선생,서울특별시 강남구 신사동
고등어와콩나물국밥,서울특별시 강남구 신사동
삼성화랑,서울특별시 강남구 신사동
완산골명가압구정2호점,서울특별시 강남구 신사동
우드스탁2003,서울특별시 강남구 신사동
씨제이푸드빌우오,서울특별시 강남구 신사동
양식당더램키친,서울특별시 강남구 신사동
비어플러스,서울특별시 강남구 신사동
최가네버섯샤브매운탕칼국수,서울특별시 강남구 신사동
규반,서울특별시 강남구 신사동
BBQ치킨,서울특별시 강남구 신사동
월드스낵,서울특별시 강남구 신사동
기꾸,서울특별시 강남구 신사동
저스트스테이크,서울특별시 강남구 신사동
에스프레션라바짜,서울특별시 강남구 신사동
이가커피,서울특별시 강남구 신사동
장어이야기,서울특별시 강남구 신사동
더비어플러스,서울특별시 강남구 신사동
복자네대박났네,서울특별시 강남구 신사동
마켓오더트래블,서울특별시 강남구 신사동
라이언스위스키,서울특별시 강남구 신사동
꾼선수포차,서울특별시 강남구 신사동
산쪼메,서울특별시 강남구 신사동
김밥카페,서울특별시 강남구 신사동
맥플러스,서울특별시 강남구 신사동
배스킨라빈스31,서울특별시 강남구 신사동
스테파니카페,서울특별시 강남구 신사동
밥사랑이모네,서울특별시 강남구 신사동
니꾸,서울특별시 강남구 신사동
도산분식,서울특별시 강남구 신사동
어촌포차,서울특별시 강남구 신사동
제주본가솥뚜껑삼겹살,서울특별시 강남구 신사동
쿤이자까야,서울특별시 강남구 신사동
우리가,서울특별시 강남구 신사동
앤드류스에그타르트,서울특별시 강남구 신사동
베트남쌀국수포몬스,서울특별시 강남구 신사동
크리스앤제이든,서울특별시 강남구 신사동
치킨더비,서울특별시 강남구 신사동
소프트리,서울특별시 강남구 신사동
오뎅집,서울특별시 강남구 신사동
용이네술집,서울특별시 강남구 신사동
지비엘,서울특별시 강남구 신사동
한방닭강정,서울특별시 강남구 신사동
요요도산대로점,서울특별시 강남구 신사동
이즈몸보신곰탕,서울특별시 강남구 신사동
고향역,서울특별시 강남구 신사동
스플래쉬블랙,서울특별시 강남구 신사동
놀숲압구정역점,서울특별시 강남구 신사동
구정칼국수,서울특별시 강남구 신사동
포라이브,서울특별시 강남구 신사동
더블핸드스테이크압구정점,서울특별시 강남구 신사동
샴,서울특별시 강남구 신사동
신사왼쯔,서울특별시 강남구 신사동
맥아카데미카페105,서울특별시 강남구 신사동
라떼킹,서울특별시 강남구 신사동
핀치카페,서울특별시 강남구 신사동
컬렉션서울,서울특별시 강남구 신사동
청석골국시,서울특별시 강남구 신사동
몽리,서울특별시 강남구 신사동
갓포요코모리,서울특별시 강남구 신사동
Asthoughlhadwings..,서울특별시 강남구 신사동
네네치킨,서울특별시 강남구 신사동
크로네비어,서울특별시 강남구 신사동
커피빈코리아압구정로데오점,서울특별시 강남구 신사동
소적두압구정본가,서울특별시 강남구 신사동
스타벅스,서울특별시 강남구 신사동
미노스,서울특별시 강남구 신사동
옛날집,서울특별시 강남구 신사동
베트남고향식당,서울특별시 강남구 신사동
쉐이크쉑,서울특별시 강남구 신사동
JS가든,서울특별시 강남구 신사동
수도시락,서울특별시 강남구 신사동
류케이웨이브커피,서울특별시 강남구 신사동
브래드커뮤니케이션즈,서울특별시 강남구 신사동
동인동,서울특별시 강남구 신사동
퀸실내포차,서울특별시 강남구 신사동
사보텐,서울특별시 강남구 신사동
담미온,서울특별시 강남구 신사동
퍼먼트비,서울특별시 강남구 신사동
계식당,서울특별시 강남구 신사동
성하루,서울특별시 강남구 신사동
떡쌈시대,서울특별시 강남구 신사동
라이팸,서울특별시 강남구 신사동
포엔분짜,서울특별시 강남구 신사동
로프트,서울특별시 강남구 신사동
깐부치킨신사가로수길점,서울특별시 강남구 신사동
스파게티스토리,서울특별시 강남구 신사동
양철북가로수길점,서울특별시 강남구 신사동
메이드,서울특별시 강남구 신사동
홍콩반점0410신사역점,서울특별시 강남구 신사동
피어나,서울특별시 강남구 신사동
카페베네,서울특별시 강남구 신사동
깐부치킨압구정현대점,서울특별시 강남구 신사동
코드이스케이프,서울특별시 강남구 신사동
하남돼지집압구정직영점,서울특별시 강남구 신사동
하남돼지집압구정로데오점,서울특별시 강남구 신사동
더케이크스토리,서울특별시 강남구 신사동
코코라,서울특별시 강남구 신사동
사보텐,서울특별시 강남구 신사동
주몽,서울특별시 강남구 신사동
압구정순대국,서울특별시 강남구 신사동
계향닭요리전문,서울특별시 강남구 신사동
엘크레,서울특별시 강남구 신사동
사람사는고깃집김일도,서울특별시 강남구 신사동
제이에스가든웍,서울특별시 강남구 신사동
스쿠로,서울특별시 강남구 신사동
로바다야끼방추,서울특별시 강남구 신사동
야미,서울특별시 강남구 신사동
커피하우스페이지원,서울특별시 강남구 신사동
복이오,서울특별시 강남구 신사동
온투,서울특별시 강남구 신사동
삼곱식당신사점,서울특별시 강남구 신사동
돌배기집신사점,서울특별시 강남구 신사동
칼삼겹살,서울특별시 강남구 신사동
던킨도너츠압구정역점,서울특별시 강남구 신사동
스토리,서울특별시 강남구 신사동
우가,서울특별시 강남구 신사동
뽕사부압구정점,서울특별시 강남구 신사동
폴바셋압구정2호점,서울특별시 강남구 신사동
컬렉션라운지,서울특별시 강남구 신사동
아르넬ARENEL,서울특별시 강남구 신사동
리레이즈,서울특별시 강남구 신사동
이자카야다다,서울특별시 강남구 신사동
더퀸,서울특별시 강남구 신사동
왕고모,서울특별시 강남구 신사동
갓덴스시,서울특별시 강남구 신사동
하나,서울특별시 강남구 신사동
펄쉘,서울특별시 강남구 신사동
메머드익스프레스,서울특별시 강남구 신사동
투썸플레이스,서울특별시 강남구 신사동
핀치,서울특별시 강남구 신사동
파운야드,서울특별시 강남구 신사동
샤이닝,서울특별시 강남구 신사동
미드나잇몰트펍,서울특별시 강남구 신사동
동대문엽기떡볶이,서울특별시 강남구 신사동
커피,서울특별시 강남구 신사동
로바다야끼방추,서울특별시 강남구 신사동
코사카,서울특별시 강남구 신사동
스타벅스신압구정점,서울특별시 강남구 신사동
캔디델리노래방,서울특별시 강남구 신사동
일일향1호점,서울특별시 강남구 신사동
삼십칠,서울특별시 강남구 신사동
윌비,서울특별시 강남구 신사동
아티제,서울특별시 강남구 신사동
제이라운지,서울특별시 강남구 신사동
분식이이래도되는가,서울특별시 강남구 신사동
솔바람물결소리,서울특별시 강남구 신사동
사주카페크림,서울특별시 강남구 신사동
돈불리제담,서울특별시 강남구 신사동
행복한만두,서울특별시 강남구 신사동
자연임실치즈피자,서울특별시 강남구 신사동
달빛술담문자르,서울특별시 강남구 신사동
온달집,서울특별시 강남구 신사동
목탄장,서울특별시 강남구 신사동
꽁티드툴레아,서울특별시 강남구 신사동
아우어베이커리,서울특별시 강남구 신사동
마카롱쿠튀르,서울특별시 강남구 신사동
부머스,서울특별시 강남구 신사동
DUSK,서울특별시 강남구 신사동
펠트,서울특별시 강남구 신사동
나,서울특별시 강남구 신사동
시그널헌터,서울특별시 강남구 신사동
피자헛,서울특별시 강남구 신사동
르쁘아종,서울특별시 강남구 신사동
크림슨젤라또,서울특별시 강남구 신사동
청년다방,서울특별시 강남구 신사동
뉴욕라츠오베이글스,서울특별시 강남구 신사동
안다즈서울강남아츠,서울특별시 강남구 신사동
젝키,서울특별시 강남구 신사동
형훈텐동,서울특별시 강남구 신사동
마키진,서울특별시 강남구 신사동
세미계,서울특별시 강남구 신사동
vin.ga,서울특별시 강남구 신사동
라운지,서울특별시 강남구 신사동
폴트버거,서울특별시 강남구 신사동
에이커스,서울특별시 강남구 신사동
카멜커피,서울특별시 강남구 신사동
몽비현스터디카페,서울특별시 강남구 신사동
오코노미야끼,서울특별시 강남구 신사동
고급오복수산,서울특별시 강남구 신사동
까폼,서울특별시 강남구 신사동
겸상,서울특별시 강남구 신사동
WETCOFFEE,서울특별시 강남구 신사동
훌라,서울특별시 강남구 신사동
잠수교집,서울특별시 강남구 신사동
못난이꽈배기,서울특별시 강남구 신사동
삼삼이네생고깃집,서울특별시 강남구 신사동
스시이토,서울특별시 강남구 신사동
포메인레드,서울특별시 강남구 신사동
벨루치,서울특별시 강남구 신사동
굴세상해초마을,서울특별시 강남구 신사동
스시사카우,서울특별시 강남구 신사동
패티앤베지스,서울특별시 강남구 신사동
나,서울특별시 강남구 신사동
PS카페,서울특별시 강남구 신사동
딜라이트,서울특별시 강남구 신사동
현경,서울특별시 강남구 신사동
아베끄청담,서울특별시 강남구 신사동
스시카이세이,서울특별시 강남구 신사동
미연,서울특별시 강남구 신사동
소르비,서울특별시 강남구 신사동
맘스터치,서울특별시 강남구 신사동
젬스비어,서울특별시 강남구 신사동
압구정뚝떡,서울특별시 강남구 신사동
압구정곱떡,서울특별시 강남구 신사동
까사밀,서울특별시 강남구 신사동
버터풀앤크리멀러스,서울특별시 강남구 신사동
토프,서울특별시 강남구 신사동
뷰티그로서리,서울특별시 강남구 신사동
노이에아트멍,서울특별시 강남구 신사동
녹수,서울특별시 강남구 신사동
더플레이트디저트,서울특별시 강남구 신사동
삼바그릴레스토랑,서울특별시 강남구 신사동
노모어피자,서울특별시 강남구 신사동
있을재,서울특별시 강남구 신사동
8DSEOUL,서울특별시 강남구 신사동
ASSOULINE,서울특별시 강남구 신사동
이스케이프샵,서울특별시 강남구 신사동
콘피에르,서울특별시 강남구 신사동
뉴만두집,서울특별시 강남구 신사동
구정만두.칼국수,서울특별시 강남구 신사동
에가오노,서울특별시 강남구 신사동
뿌리,서울특별시 강남구 신사동
화계식당,서울특별시 강남구 신사동
장금이식당,서울특별시 강남구 신사동
주주마마,서울특별시 강남구 신사동
파복스,서울특별시 강남구 신사동
로리스더프라임립,서울특별시 강남구 신사동
오가노,서울특별시 강남구 신사동
아카시아,서울특별시 강남구 신사동
실버한스푼,서울특별시 강남구 신사동
소망분식,서울특별시 강남구 신사동
발롱,서울특별시 강남구 신사동
부자피자신사점,서울특별시 강남구 신사동
오가다,서울특별시 강남구 신사동
미앙,서울특별시 강남구 신사동
꼬꼬리꼬,서울특별시 강남구 신사동
커피빈,서울특별시 강남구 신사동
스시킨,서울특별시 강남구 신사동
압구정곱떡,서울특별시 강남구 신사동
디저트공장,서울특별시 강남구 신사동
로로,서울특별시 강남구 신사동
커핀그루나루,서울특별시 강남구 신사동
코타BY뎐,서울특별시 강남구 신사동
수리다라,서울특별시 강남구 신사동
도가횟집,서울특별시 강남구 신사동
치즈룸,서울특별시 강남구 신사동
소설옥,서울특별시 강남구 신사동
미월당,서울특별시 강남구 신사동
루씨앤정,서울특별시 강남구 신사동
호야포차,서울특별시 강남구 신사동
슈퍼판,서울특별시 강남구 신사동
보물선,서울특별시 강남구 신사동
압구정4층,서울특별시 강남구 신사동
스타벅스,서울특별시 강남구 신사동
마구로젠신사점,서울특별시 강남구 신사동
일리조,서울특별시 강남구 신사동
호토모토도시락,서울특별시 강남구 신사동
경주빵해뜨는집,서울특별시 강남구 신사동
탐앤탐스,서울특별시 강남구 신사동
마노,서울특별시 강남구 신사동
한솥신사동현대고앞점,서울특별시 강남구 신사동
하모,서울특별시 강남구 신사동
게릿,서울특별시 강남구 신사동
뻘,서울특별시 강남구 신사동
유하제과,서울특별시 강남구 신사동
청자매운소돼지갈비찜,서울특별시 강남구 신사동
너와마을,서울특별시 강남구 신사동
떡ZONE,서울특별시 강남구 신사동
엘비노프로푼도,서울특별시 강남구 신사동
GOLDFISH,서울특별시 강남구 신사동
오일링,서울특별시 강남구 신사동
KFC압구정1점,서울특별시 강남구 신사동
골뱅이신사,서울특별시 강남구 신사동
우타래,서울특별시 강남구 신사동
플래티넘마이크로브루어리,서울특별시 강남구 신사동
LAP24,서울특별시 강남구 신사동
파씨공구일사,서울특별시 강남구 신사동
캔디드샷커피앤브레드,서울특별시 강남구 신사동
에이쓰리커피집,서울특별시 강남구 신사동
고구려압구정점엔타스,서울특별시 강남구 신사동
SOOT,서울특별시 강남구 신사동
카페베네,서울특별시 강남구 신사동
강남면옥신사동-나미경,서울특별시 강남구 신사동
코코호도,서울특별시 강남구 신사동
BELL,서울특별시 강남구 신사동
카페드꼬레,서울특별시 강남구 신사동
씨네드쉐프압구정점,서울특별시 강남구 신사동
토향,서울특별시 강남구 신사동
빈스빈스가로수길점,서울특별시 강남구 신사동
가초야,서울특별시 강남구 신사동
소나,서울특별시 강남구 신사동
깐부치킨압구정현대백화점,서울특별시 강남구 신사동
이코복스,서울특별시 강남구 신사동
CGV청담씨네시티,서울특별시 강남구 신사동
에르메스카페마당,서울특별시 강남구 신사동
balibarlis,서울특별시 강남구 신사동
르알래스카부틱,서울특별시 강남구 신사동
통돼지찌개집,서울특별시 강남구 신사동
옳음,서울특별시 강남구 신사동
더청춘,서울특별시 강남구 신사동
세컨드엘리,서울특별시 강남구 신사동
할리스커피,서울특별시 강남구 신사동
나따오비까,서울특별시 강남구 신사동
솟대사주까페,서울특별시 강남구 신사동
THELEAGUE,서울특별시 강남구 신사동
아이리쉬,서울특별시 강남구 신사동
시래밥상,서울특별시 강남구 신사동
카페아띠지아노,서울특별시 강남구 신사동
육갑식당,서울특별시 강남구 신사동
다미정식,서울특별시 강남구 신사동
신의주찹쌀순대,서울특별시 강남구 신사동
두사라,서울특별시 강남구 신사동
카페제이앤제이슨,서울특별시 강남구 신사동
우림황소양곱창,서울특별시 강남구 신사동
도란도란참숯구이,서울특별시 강남구 신사동
AHC플레이존신사점카페테리아,서울특별시 강남구 신사동
트래픽,서울특별시 강남구 신사동
카페PERC,서울특별시 강남구 신사동
지트,서울특별시 강남구 신사동
감성아시아,서울특별시 강남구 신사동
바네스,서울특별시 강남구 신사동
BE,서울특별시 강남구 신사동
마먕갸또,서울특별시 강남구 신사동
소풍,서울특별시 강남구 신사동
국수생각,서울특별시 강남구 신사동
탱크떡볶이,서울특별시 강남구 신사동
충무할매김밥,서울특별시 강남구 신사동
카페일로,서울특별시 강남구 신사동
유씨씨커피한국,서울특별시 강남구 신사동
카베하네,서울특별시 강남구 신사동
광명수산압구정점,서울특별시 강남구 신사동
카시나아카디움,서울특별시 강남구 신사동
백케이IOOK,서울특별시 강남구 신사동
사루비아,서울특별시 강남구 신사동
두넛샵,서울특별시 강남구 신사동
카페루치아,서울특별시 강남구 신사동
청자매운갈비찜,서울특별시 강남구 신사동
춘이네닭도리탕,서울특별시 강남구 신사동
숲숨그레이,서울특별시 강남구 신사동
마루에누,서울특별시 강남구 신사동
소나무,서울특별시 강남구 신사동
어거리한우촌,서울특별시 강남구 신사동
페이브푸드,서울특별시 강남구 신사동
묵전,서울특별시 강남구 신사동
어퍼웨스트다이닝,서울특별시 강남구 신사동
가로수길생칼국수,서울특별시 강남구 신사동
피치베이커리,서울특별시 강남구 신사동
닭으로가는마을압구정본점,서울특별시 강남구 신사동
하루,서울특별시 강남구 신사동
더리터,서울특별시 강남구 신사동
감성타코가로수길점,서울특별시 강남구 신사동
반려동물생활연구소,서울특별시 강남구 신사동
연남토마,서울특별시 강남구 신사동
압구정북카페,서울특별시 강남구 신사동
도쿄수플레,서울특별시 강남구 신사동
수분,서울특별시 강남구 신사동
양키스버거,서울특별시 강남구 신사동
브룩스라운지,서울특별시 강남구 신사동
르사이트LESight,서울특별시 강남구 신사동
체인지업,서울특별시 강남구 신사동
모소리,서울특별시 강남구 신사동
비스포크420,서울특별시 강남구 신사동
에브리띵,서울특별시 강남구 신사동
우가나,서울특별시 강남구 신사동
송옥에프앤비,서울특별시 강남구 신사동
스시선수,서울특별시 강남구 신사동
피자익스프레스,서울특별시 강남구 신사동
태백한우실비,서울특별시 강남구 신사동
이자카야한,서울특별시 강남구 신사동
어게인리프레쉬가로수길직영점,서울특별시 강남구 신사동
이치라쿠,서울특별시 강남구 신사동
사이,서울특별시 강남구 신사동
서랍,서울특별시 강남구 신사동
더그린테이블,서울특별시 강남구 신사동
두두케이크,서울특별시 강남구 신사동
카와세미,서울특별시 강남구 신사동
닐리압구정점,서울특별시 강남구 신사동
신비갈비살,서울특별시 강남구 신사동
루위,서울특별시 강남구 신사동
완소,서울특별시 강남구 신사동
북해도,서울특별시 강남구 신사동
테일러커피,서울특별시 강남구 신사동
골목길신사,서울특별시 강남구 신사동
스시유키,서울특별시 강남구 신사동
비라운지,서울특별시 강남구 신사동
팔도식당,서울특별시 강남구 신사동
가로수브루잉컴퍼니,서울특별시 강남구 신사동
샌드커피논탄토,서울특별시 강남구 신사동
C27,서울특별시 강남구 신사동
오즈쓰리팝,서울특별시 강남구 신사동
호금장,서울특별시 강남구 신사동
카페노티드,서울특별시 강남구 신사동
기다스시가로수길점,서울특별시 강남구 신사동
88,서울특별시 강남구 신사동
카페라미떼,서울특별시 강남구 신사동
에이몬트,서울특별시 강남구 신사동
미엘드파리,서울특별시 강남구 신사동
순천만,서울특별시 강남구 신사동
에스엠지푸드세미계,서울특별시 강남구 신사동
우유니,서울특별시 강남구 신사동
역전우동0410압구정역지점,서울특별시 강남구 신사동
디파지트,서울특별시 강남구 신사동
구에스티케이,서울특별시 강남구 신사동
더컬러,서울특별시 강남구 신사동
마노핀익스프레스압구정역점,서울특별시 강남구 신사동
함춘원,서울특별시 강남구 신사동
명인등심,서울특별시 강남구 신사동
델리,서울특별시 강남구 신사동
환웅재,서울특별시 강남구 신사동
하이헤이헬로!,서울특별시 강남구 신사동
백,서울특별시 강남구 신사동
다이아만티노,서울특별시 강남구 신사동
형훈,서울특별시 강남구 신사동
모퉁이흑미김밥,서울특별시 강남구 신사동
MANOFFIN,서울특별시 강남구 신사동
배스킨라빈스31,서울특별시 강남구 신사동
미미만두교자&리큐어LIQUOR,서울특별시 강남구 신사동
아러바우트신사,서울특별시 강남구 신사동
애즈도아이해브윙스,서울특별시 강남구 신사동
한추,서울특별시 강남구 신사동
쿠시마사,서울특별시 강남구 신사동
시타,서울특별시 강남구 신사동
안스,서울특별시 강남구 신사동
포르테&47,서울특별시 강남구 신사동
와플에구름,서울특별시 강남구 신사동
호돌이식당,서울특별시 강남구 신사동
설백가마순대국,서울특별시 강남구 신사동
임프레션,서울특별시 강남구 신사동
프라임,서울특별시 강남구 신사동
비엔나커피하우스압구정극동,서울특별시 강남구 신사동
고구려흑돼지갈비압구정점,서울특별시 강남구 신사동
케이아이디코리아,서울특별시 강남구 신사동
운명떡볶이,서울특별시 강남구 신사동
정상회담,서울특별시 강남구 신사동
카페아트엔,서울특별시 강남구 신사동
제주통도야지,서울특별시 강남구 신사동
갓포마코토,서울특별시 강남구 신사동
카페이날,서울특별시 강남구 신사동
아루,서울특별시 강남구 신사동
하루,서울특별시 강남구 신사동
그자리,서울특별시 강남구 신사동
샌드프레소,서울특별시 강남구 신사동
컨플릭트스토어커피,서울특별시 강남구 신사동
하드투포겟위드이태원포장마차,서울특별시 강남구 신사동
리퍼블릭,서울특별시 강남구 신사동
카페두다트,서울특별시 강남구 신사동
올댓크루아상,서울특별시 강남구 신사동
모던오뎅,서울특별시 강남구 신사동
컴포즈,서울특별시 강남구 신사동
만,서울특별시 강남구 신사동
카테나,서울특별시 강남구 신사동
이태리식당,서울특별시 강남구 신사동
판,서울특별시 강남구 신사동
감성타코앤그릴,서울특별시 강남구 신사동
가드너아드리아,서울특별시 강남구 신사동
KLYUCH,서울특별시 강남구 신사동
벙커컴퍼니,서울특별시 강남구 신사동
베이글,서울특별시 강남구 신사동
소원,서울특별시 강남구 신사동
쌍떼,서울특별시 강남구 신사동
씨엘쏭마이쏭,서울특별시 강남구 신사동
부어식당,서울특별시 강남구 신사동
KOMATSU,서울특별시 강남구 신사동
스파크,서울특별시 강남구 신사동
뉴델리,서울특별시 강남구 신사동
디드,서울특별시 강남구 신사동
아우어베이커리,서울특별시 강남구 신사동
딸부자네불백,서울특별시 강남구 신사동
에스앤제이이노베이션,서울특별시 강남구 신사동
옥토,서울특별시 강남구 신사동
르자당,서울특별시 강남구 신사동
루즈,서울특별시 강남구 신사동
THESECOND,서울특별시 강남구 신사동
가디록,서울특별시 강남구 신사동
스시인,서울특별시 강남구 신사동
에스테번,서울특별시 강남구 신사동
146스트리트,서울특별시 강남구 신사동
마노핀압구정역점,서울특별시 강남구 신사동
메밀마을,서울특별시 강남구 신사동
맞닿음,서울특별시 강남구 신사동
스타벅스압구정점,서울특별시 강남구 신사동
소반,서울특별시 강남구 신사동
스시코테이,서울특별시 강남구 신사동
카페샤인,서울특별시 강남구 신사동
하나은행,서울특별시 강남구 신사동
피키파파,서울특별시 강남구 신사동
스시시오,서울특별시 강남구 신사동
브릭버거,서울특별시 강남구 신사동
공드림손칼국수,서울특별시 강남구 신사동
히노레서피,서울특별시 강남구 신사동
더볼룸,서울특별시 강남구 신사동
킨,서울특별시 강남구 신사동
타스,서울특별시 강남구 신사동
포르코로쏘,서울특별시 강남구 신사동
벤시몽,서울특별시 강남구 신사동
코넷팅,서울특별시 강남구 신사동
어울림,서울특별시 강남구 신사동
라운지어반,서울특별시 강남구 신사동
백곰막걸리와양조장,서울특별시 강남구 신사동
김이순장춘식당,서울특별시 강남구 신사동
미식클럽,서울특별시 강남구 신사동
퍼플어니언스,서울특별시 강남구 신사동
뽕글탱글,서울특별시 강남구 신사동
오너스그램,서울특별시 강남구 신사동
배식당,서울특별시 강남구 신사동
베버샵,서울특별시 강남구 신사동
홍만당살롱,서울특별시 강남구 신사동
어랑소생선구이,서울특별시 강남구 신사동
이치서울,서울특별시 강남구 신사동
잘아는밥집,서울특별시 강남구 신사동
일곱잔,서울특별시 강남구 신사동
한양장칼,서울특별시 강남구 신사동
얌샘,서울특별시 강남구 신사동
아임유어커피스,서울특별시 강남구 신사동
카페,서울특별시 강남구 신사동
돈치킨,서울특별시 강남구 신사동
애플힙,서울특별시 강남구 신사동
어썸플레이스이태리부대찌개,서울특별시 강남구 신사동
빠흐동,서울특별시 강남구 신사동
커피팝콘,서울특별시 강남구 신사동
커피에반하다,서울특별시 강남구 신사동
씨지브이압구정,서울특별시 강남구 신사동
한양위스키,서울특별시 강남구 신사동
데시벨,서울특별시 강남구 신사동
플디,서울특별시 강남구 신사동
디엔티에프엔티,서울특별시 강남구 신사동
베이커리앤커피바이쿤달,서울특별시 강남구 신사동
정양,서울특별시 강남구 신사동
홈차,서울특별시 강남구 신사동
A.S.A.P,서울특별시 강남구 신사동
그룹지니어스코리아,서울특별시 강남구 신사동
계룡,서울특별시 강남구 신사동
산쪼메,서울특별시 강남구 신사동
모헤닉스테이310,서울특별시 강남구 신사동
케빈스보일링크랩,서울특별시 강남구 신사동
아지미,서울특별시 강남구 신사동
라이크커피,서울특별시 강남구 신사동
호호식당,서울특별시 강남구 신사동
압구정달떡집,서울특별시 강남구 신사동
트루라이트,서울특별시 강남구 신사동
우수미,서울특별시 강남구 신사동
스시이타루,서울특별시 강남구 신사동
태공치킨,서울특별시 강남구 신사동
하바나선셋,서울특별시 강남구 신사동
CGVARTHOUSE,서울특별시 강남구 신사동
짝짝,서울특별시 강남구 신사동
코르트스튜디오,서울특별시 강남구 신사동
아주밍,서울특별시 강남구 신사동
골드피쉬얌차하우스,서울특별시 강남구 신사동
이디야커피,서울특별시 강남구 신사동
구드마리,서울특별시 강남구 신사동
거부곱창,서울특별시 강남구 신사동
얌타이,서울특별시 강남구 신사동
선데이버거클럽,서울특별시 강남구 신사동
엑스,서울특별시 강남구 신사동
모범한우,서울특별시 강남구 신사동
심퍼티쿠시,서울특별시 강남구 신사동
CLO,서울특별시 강남구 신사동
휴고,서울특별시 강남구 신사동
덕승재도시락,서울특별시 강남구 신사동
송씨해물점,서울특별시 강남구 신사동
핑크판다,서울특별시 강남구 신사동
사녹sanok,서울특별시 강남구 신사동
육미학대패집,서울특별시 강남구 신사동
에잇비돌체,서울특별시 강남구 신사동
146스트리트,서울특별시 강남구 신사동
예술가,서울특별시 강남구 신사동
애월식당,서울특별시 강남구 신사동
조리인,서울특별시 강남구 신사동
따청푸드,서울특별시 강남구 신사동
중앙손칼국수,서울특별시 강남구 신사동
어성,서울특별시 강남구 신사동
낙곱새,서울특별시 강남구 신사동
미노스가든,서울특별시 강남구 신사동
공감에프앤비FNB,서울특별시 강남구 신사동
두부공작소,서울특별시 강남구 신사동
폴바셋,서울특별시 강남구 신사동
마루오복수산,서울특별시 강남구 신사동
홍신애솔트,서울특별시 강남구 신사동
문빔,서울특별시 강남구 신사동
배제현의웰빙낙지한마리수제비,서울특별시 강남구 신사동
디태치먼트,서울특별시 강남구 신사동
젠틀펜디,서울특별시 강남구 신사동
켄,서울특별시 강남구 신사동
섬총각,서울특별시 강남구 신사동
보나르떼,서울특별시 강남구 신사동
쇼토,서울특별시 강남구 신사동
국의명가,서울특별시 강남구 신사동
스낵Snacc,서울특별시 강남구 신사동
밀토스트맘마미아,서울특별시 강남구 신사동
오라방,서울특별시 강남구 신사동
쿠시토쿡,서울특별시 강남구 신사동
더페이머스버거신사,서울특별시 강남구 신사동
푸라닭,서울특별시 강남구 신사동
송쉐프,서울특별시 강남구 신사동
8GALLERY-EIGHT,서울특별시 강남구 신사동
히미츠&뱅가드,서울특별시 강남구 신사동
DeuxAmis,서울특별시 강남구 신사동
이에스티커피,서울특별시 강남구 신사동
스완커뮤니케이션,서울특별시 강남구 신사동
브브스VVS,서울특별시 강남구 신사동
더커피랩,서울특별시 강남구 신사동
신룽푸마라탕,서울특별시 강남구 신사동
풍성호,서울특별시 강남구 신사동
빌라레코드,서울특별시 강남구 신사동
미스사이공,서울특별시 강남구 신사동
스튜부대찌개,서울특별시 강남구 신사동
컴스고스,서울특별시 강남구 신사동
커피라이터,서울특별시 강남구 신사동
디저트39,서울특별시 강남구 신사동
거북썬,서울특별시 강남구 신사동
백하돼지생갈비,서울특별시 강남구 신사동
금성껍데기,서울특별시 강남구 신사동
압구정길목,서울특별시 강남구 신사동
구들,서울특별시 강남구 신사동
미분당,서울특별시 강남구 신사동
원할머니보쌈,서울특별시 강남구 신사동
미쓰리,서울특별시 강남구 신사동
도산소반,서울특별시 강남구 신사동
네모네,서울특별시 강남구 신사동
세프한스,서울특별시 강남구 신사동
템포러리가든,서울특별시 강남구 신사동
피자파는집,서울특별시 강남구 신사동
클럽모헤닉,서울특별시 강남구 신사동
달주막해밥상,서울특별시 강남구 신사동
카페,서울특별시 강남구 신사동
감계무랑,서울특별시 강남구 신사동
투고,서울특별시 강남구 신사동
테크인,서울특별시 강남구 신사동
솝스,서울특별시 강남구 신사동
루307,서울특별시 강남구 신사동
더블유앤엠,서울특별시 강남구 신사동
압구정김치찌개,서울특별시 강남구 신사동
로얄블랙,서울특별시 강남구 신사동
페어링지,서울특별시 강남구 신사동
야사이마끼쿠이신보,서울특별시 강남구 신사동
스시마이우,서울특별시 강남구 신사동
프레스센터,서울특별시 강남구 신사동
잭슨피자,서울특별시 강남구 신사동
행복당,서울특별시 강남구 신사동
청담플러스,서울특별시 강남구 신사동
뮤제,서울특별시 강남구 신사동
카페,서울특별시 강남구 신사동
세인트그릴,서울특별시 강남구 신사동
지유가오카,서울특별시 강남구 신사동
크라운돼지,서울특별시 강남구 신사동
롸카두둘두,서울특별시 강남구 신사동
하남돼지집,서울특별시 강남구 신사동
브이아이피VIP,서울특별시 강남구 신사동
매머드커피본사,서울특별시 강남구 신사동
띠포차,서울특별시 강남구 신사동
플럭스커뮤니티,서울특별시 강남구 신사동
우쿡WOOCOOK,서울특별시 강남구 신사동
야카모즈,서울특별시 강남구 신사동
자바카페,서울특별시 강남구 신사동
클라푸티,서울특별시 강남구 신사동
썬앳푸드텍사스데브라질,서울특별시 강남구 신사동
신사,서울특별시 강남구 신사동
제프리도산압구정,서울특별시 강남구 신사동
불꾼,서울특별시 강남구 신사동
라탈랑트,서울특별시 강남구 신사동
다이닝마,서울특별시 강남구 신사동
선셋스위밍,서울특별시 강남구 신사동
브렉퍼스트다이너,서울특별시 강남구 신사동
겟썸커피,서울특별시 강남구 신사동
아미띠에카페,서울특별시 강남구 신사동
신촌설렁탕,서울특별시 강남구 신사동
틈새라면,서울특별시 강남구 신사동
도라지위스키,서울특별시 강남구 신사동
포티데이즈,서울특별시 강남구 신사동
빈터커피로스터스,서울특별시 강남구 신사동
바네,서울특별시 강남구 신사동
팻보이샌드위치,서울특별시 강남구 신사동
춘식당,서울특별시 강남구 신사동
제일양,서울특별시 강남구 신사동
빅티크,서울특별시 강남구 신사동
슈페리어,서울특별시 강남구 신사동
카페보니또압구정점,서울특별시 강남구 신사동
모드드비,서울특별시 강남구 신사동
꿀잠,서울특별시 강남구 신사동
오레노유메,서울특별시 강남구 신사동
비스트로스파크,서울특별시 강남구 신사동
이니앤코,서울특별시 강남구 신사동
육사심뭉티기,서울특별시 강남구 신사동
고삐,서울특별시 강남구 신사동
몽글몽글,서울특별시 강남구 신사동
엠엠티에이치커피,서울특별시 강남구 신사동
티더블유지티,서울특별시 강남구 신사동
롱타임노씨,서울특별시 강남구 신사동
시커스,서울특별시 강남구 신사동
커피에반하다,서울특별시 강남구 신사동
포포인츠호텔직원식당,서울특별시 강남구 신사동
대봉집,서울특별시 강남구 신사동
"바로,여기",서울특별시 강남구 신사동
카페,서울특별시 강남구 신사동
어영차풍천민물장어,서울특별시 강남구 신사동
HONESTCHICKEN,서울특별시 강남구 신사동
역전할머니맥주,서울특별시 강남구 신사동
밝은달,서울특별시 강남구 신사동
안주방,서울특별시 강남구 신사동
안주집,서울특별시 강남구 신사동
조세핀,서울특별시 강남구 신사동
썬앳푸드시추안하우스,서울특별시 강남구 신사동
노퍼블럭,서울특별시 강남구 신사동
이층집왕족발투,서울특별시 강남구 신사동
스완카페트,서울특별시 강남구 신사동
마크레인커피,서울특별시 강남구 신사동
희유,서울특별시 강남구 신사동
바카라라운지,서울특별시 강남구 신사동
유정낙지압구정,서울특별시 강남구 신사동
김가네,서울특별시 강남구 신사동
비비큐치킨카페,서울특별시 강남구 신사동
성지,서울특별시 강남구 신사동
조앤더주스,서울특별시 강남구 신사동
밀떡팩토리,서울특별시 강남구 신사동
몬테바르끼,서울특별시 강남구 신사동
핏자당,서울특별시 강남구 신사동
밀도가로수점,서울특별시 강남구 신사동
아우어베이커리,서울특별시 강남구 신사동
아우어,서울특별시 강남구 신사동
트리스트,서울특별시 강남구 신사동
셀파크뷰티리조트,서울특별시 강남구 신사동
메가엠지씨커피,서울특별시 강남구 신사동
더다이닝라운지,서울특별시 강남구 신사동
커피쿡,서울특별시 강남구 신사동
커피식스,서울특별시 강남구 신사동
김치찜신사,서울특별시 강남구 신사동
효자동목고기,서울특별시 강남구 신사동
고알레,서울특별시 강남구 신사동
행복한만두,서울특별시 강남구 신사동
종로빈대떡,서울특별시 강남구 신사동
노아컴퍼니,서울특별시 강남구 신사동
청담반점,서울특별시 강남구 신사동
울랄라하우스라운지&다이닝,서울특별시 강남구 신사동
필스타,서울특별시 강남구 신사동
언더프레셔,서울특별시 강남구 신사동
노엘베,서울특별시 강남구 신사동
셀러카페,서울특별시 강남구 신사동
비비드vivid,서울특별시 강남구 신사동
브로맨스,서울특별시 강남구 신사동
그레이굴,서울특별시 강남구 신사동
마법갈비요술꼬치,서울특별시 강남구 신사동
끌로드용,서울특별시 강남구 신사동
전주웰미가,서울특별시 강남구 신사동
원하프,서울특별시 강남구 신사동
에클레시아카페,서울특별시 강남구 신사동
알버타부처스클럽,서울특별시 강남구 신사동
스시하네,서울특별시 강남구 신사동
네기스키야키,서울특별시 강남구 신사동
도쿄등심/갓포서울,서울특별시 강남구 신사동
허브디앤씨,서울특별시 강남구 신사동
씨엘키친,서울특별시 강남구 신사동
이코복스커피,서울특별시 강남구 신사동
카페플라떼,서울특별시 강남구 신사동
스시코마츠,서울특별시 강남구 신사동
샷인디암,서울특별시 강남구 신사동
주,서울특별시 강남구 신사동
삿뽀로압구정점엔타스,서울특별시 강남구 신사동
까페바소,서울특별시 강남구 신사동
영상총각의키친,서울특별시 강남구 신사동
가온,서울특별시 강남구 신사동
복자네,서울특별시 강남구 신사동
청우참치-e,서울특별시 강남구 신사동
구월당,서울특별시 강남구 신사동
마사,서울특별시 강남구 신사동
다이칸야마키친,서울특별시 강남구 신사동
디센트,서울특별시 강남구 신사동
앙스모멍,서울특별시 강남구 신사동
본죽앤비빔밥카페,서울특별시 강남구 신사동
헬로우,서울특별시 강남구 신사동
아우어,서울특별시 강남구 신사동
컨셉비ConceptB,서울특별시 강남구 신사동
페스코비건즈,서울특별시 강남구 신사동
될놈포차,서울특별시 강남구 신사동
현대백화점,서울특별시 강남구 신사동
더케이레스토랑,서울특별시 강남구 신사동
킨조미야비,서울특별시 강남구 신사동
삼정하누,서울특별시 강남구 신사동
매드소울스모크하우스,서울특별시 강남구 신사동
메디칼드림,서울특별시 강남구 신사동
정돈프리미엄,서울특별시 강남구 신사동
늘봄,서울특별시 강남구 신사동
소망풍경,서울특별시 강남구 신사동
미토우,서울특별시 강남구 신사동
투썸플레이스압구정로데오역점,서울특별시 강남구 신사동
르브레드랩,서울특별시 강남구 신사동
오프너,서울특별시 강남구 신사동
흥미면옥,서울특별시 강남구 신사동
마제스티,서울특별시 강남구 신사동
로바다야끼최군,서울특별시 강남구 신사동
아마스빈버블티,서울특별시 강남구 신사동
담미온,서울특별시 강남구 신사동
원혜치킨,서울특별시 강남구 신사동
우와,서울특별시 강남구 신사동
빽다방압구정로데오점,서울특별시 강남구 신사동
히바치참치,서울특별시 강남구 신사동
파리크라상,서울특별시 강남구 신사동
라무진,서울특별시 강남구 신사동
고료리켄,서울특별시 강남구 신사동
마르셀,서울특별시 강남구 신사동
피터폴앤드메리,서울특별시 강남구 신사동
김덕후의곱창조,서울특별시 강남구 신사동
포에버,서울특별시 강남구 신사동
담소소사골순대,서울특별시 강남구 신사동
스시타카라,서울특별시 강남구 신사동
카페아띠,서울특별시 강남구 신사동
스시우찌,서울특별시 강남구 신사동
BowlRoom,서울특별시 강남구 신사동
천미미,서울특별시 강남구 신사동
브롱스,서울특별시 강남구 신사동
이봄씨어터,서울특별시 강남구 신사동
쿠이신보,서울특별시 강남구 신사동
화담,서울특별시 강남구 신사동
퍼블리크LF동관점,서울특별시 강남구 신사동
카페솟대,서울특별시 강남구 신사동
로로,서울특별시 강남구 신사동
그라노더그릴,서울특별시 강남구 신사동
카페뮬라,서울특별시 강남구 신사동
스타벅스,서울특별시 강남구 신사동
본가,서울특별시 강남구 신사동
스피카,서울특별시 강남구 신사동
다운타우너,서울특별시 강남구 신사동
쥬스식스,서울특별시 강남구 신사동
황토방사우나,서울특별시 강남구 신사동
트라이비푸드바로크,서울특별시 강남구 신사동
미식천지,서울특별시 강남구 신사동
빵어니스타,서울특별시 강남구 신사동
투게더,서울특별시 강남구 신사동
시골통돼지볶음신사,서울특별시 강남구 신사동
르포트13,서울특별시 강남구 신사동
낭만국수,서울특별시 강남구 신사동
매드포갈릭,서울특별시 강남구 신사동
식부관,서울특별시 강남구 신사동
에볼루션,서울특별시 강남구 신사동
키쏘커피,서울특별시 강남구 신사동
강승월한식당,서울특별시 강남구 신사동
캐리마켓가로수길지점,서울특별시 강남구 신사동
캔플,서울특별시 강남구 신사동
MANOFFIN,서울특별시 강남구 신사동
올진,서울특별시 강남구 신사동
더라운지앤바,서울특별시 강남구 신사동
피그닉,서울특별시 강남구 신사동
인생극장,서울특별시 강남구 신사동
르브런쉭,서울특별시 강남구 신사동
오븟,서울특별시 강남구 신사동
황금관,서울특별시 강남구 신사동
스마트브릭,서울특별시 강남구 신사동
미식바,서울특별시 강남구 신사동
반다라,서울특별시 강남구 신사동
미진,서울특별시 강남구 신사동
모헤닉스테이311,서울특별시 강남구 신사동
레쁠라,서울특별시 강남구 신사동
우텐더,서울특별시 강남구 신사동
60계치킨압구정점,서울특별시 강남구 신사동
더소반,서울특별시 강남구 신사동
짚신매운갈비찜,서울특별시 강남구 신사동
탱크,서울특별시 강남구 신사동
오드리앤영,서울특별시 강남구 신사동
엔제리너스,서울특별시 강남구 신사동
참치휴인,서울특별시 강남구 신사동
에이지64_Coffee,서울특별시 강남구 신사동
더스크,서울특별시 강남구 신사동
미아전,서울특별시 강남구 신사동
더벤티,서울특별시 강남구 신사동
전주맛자랑,서울특별시 강남구 신사동
에스프레소바피코,서울특별시 강남구 신사동
국대후라이드치킨압구정로데오,서울특별시 강남구 신사동
쿠킹라이브러리,서울특별시 강남구 신사동
라스,서울특별시 강남구 신사동
MADE,서울특별시 강남구 신사동
에머이가로수길점,서울특별시 강남구 신사동
제이빈스,서울특별시 강남구 신사동
청담돈,서울특별시 강남구 신사동
시티락,서울특별시 강남구 신사동
빽다방신사역점,서울특별시 강남구 신사동
우앤,서울특별시 강남구 신사동
파티이사,서울특별시 강남구 신사동
아트앤씨Artnc,서울특별시 강남구 신사동
꽃등심,서울특별시 강남구 신사동
영영영영seoul,서울특별시 강남구 신사동
룽청,서울특별시 강남구 신사동
코,서울특별시 강남구 신사동
더미트바,서울특별시 강남구 신사동
풀림,서울특별시 강남구 신사동
앤네이처,서울특별시 강남구 신사동
지세븐,서울특별시 강남구 신사동
헤이즈위스키,서울특별시 강남구 신사동
윤미식당,서울특별시 강남구 신사동
파넬카페,서울특별시 강남구 신사동
강변닭집,서울특별시 강남구 신사동
회춘,서울특별시 강남구 신사동
장스테이크,서울특별시 강남구 신사동
조우,서울특별시 강남구 신사동
일공삼,서울특별시 강남구 신사동
맛수르수제분식,서울특별시 강남구 신사동
카페97,서울특별시 강남구 신사동
에너지키친,서울특별시 강남구 신사동
미스터피자,서울특별시 강남구 신사동
타카라,서울특별시 강남구 신사동
젠하이더웨이묵전,서울특별시 강남구 신사동
원두막식당,서울특별시 강남구 신사동
신디스하우스,서울특별시 강남구 신사동
메이플,서울특별시 강남구 신사동
신전떡볶이,서울특별시 강남구 신사동
Marchrabbit,서울특별시 강남구 신사동
써틴써티,서울특별시 강남구 신사동
스시초희,서울특별시 강남구 신사동
파스쿠찌,서울특별시 강남구 신사동
마망갸또,서울특별시 강남구 신사동
미라이,서울특별시 강남구 신사동
마산옥,서울특별시 강남구 신사동
브릿지앤드,서울특별시 강남구 신사동
식물학,서울특별시 강남구 신사동
에잇디카페,서울특별시 강남구 신사동
커피빈,서울특별시 강남구 신사동
이마스시,서울특별시 강남구 신사동
바르다김선생,서울특별시 강남구 신사동
캔버스케이크,서울특별시 강남구 신사동
헬스케어카페,서울특별시 강남구 신사동
투썸플레이스신사세로수길점,서울특별시 강남구 신사동
김밥까페,서울특별시 강남구 신사동
뮤즈온,서울특별시 강남구 신사동
도니죠화로구이,서울특별시 강남구 신사동
카페포엠,서울특별시 강남구 신사동
와플반트,서울특별시 강남구 신사동
커피인트로,서울특별시 강남구 신사동
복자네,서울특별시 강남구 신사동
크로네,서울특별시 강남구 신사동
꿈&들김밥,서울특별시 강남구 신사동
아우라,서울특별시 강남구 신사동
평양만두,서울특별시 강남구 신사동
미스터한우,서울특별시 강남구 신사동
세로수맥주창고,서울특별시 강남구 신사동
정수네,서울특별시 강남구 신사동
스시에비스,서울특별시 강남구 신사동
로데오,서울특별시 강남구 신사동
권숙수,서울특별시 강남구 신사동
탐앤탐스,서울특별시 강남구 신사동
메이비,서울특별시 강남구 신사동
엉터리생고기신사역점,서울특별시 강남구 신사동
병철이네쪽갈비,서울특별시 강남구 신사동
딩딤1968,서울특별시 강남구 신사동
소울,서울특별시 강남구 신사동
카페애티,서울특별시 강남구 신사동
감자탕전문,서울특별시 강남구 신사동
모로미청담점,서울특별시 강남구 신사동
이타카,서울특별시 강남구 신사동
리틀넥,서울특별시 강남구 신사동
죠샌드위치,서울특별시 강남구 신사동
소호,서울특별시 강남구 신사동
세시셀라도산공원점,서울특별시 강남구 신사동
커피니,서울특별시 강남구 신사동
김이순장춘,서울특별시 강남구 신사동
MAYISLANDCOFFEE,서울특별시 강남구 신사동
본누벨과자점,서울특별시 강남구 신사동
연타발,서울특별시 강남구 신사동
신마포갈매기,서울특별시 강남구 신사동
라곱창,서울특별시 강남구 신사동
탐앤탐스,서울특별시 강남구 신사동
더앨리,서울특별시 강남구 신사동
더디스틸러리,서울특별시 강남구 신사동
생선생,서울특별시 강남구 신사동
스시류코,서울특별시 강남구 신사동
이마스시,서울특별시 강남구 신사동
더끌리지,서울특별시 강남구 신사동
에스알에스KFC압구정1,서울특별시 강남구 신사동
스구식탁,서울특별시 강남구 신사동
양식당더램치킨가로수,서울특별시 강남구 신사동
문어집,서울특별시 강남구 신사동
간고등어와콩나물국밥,서울특별시 강남구 신사동
대가방,서울특별시 강남구 신사동
부철이네,서울특별시 강남구 신사동
남산상점,서울특별시 강남구 신사동
크림사주카페,서울특별시 강남구 신사동
김북순큰남비집,서울특별시 강남구 신사동
가온,서울특별시 강남구 신사동
뱃고동,서울특별시 강남구 신사동
스마일가정식백반,서울특별시 강남구 신사동
기새끼,서울특별시 강남구 신사동
탁골감자탕,서울특별시 강남구 신사동
달빛술담,서울특별시 강남구 신사동
리틀제이콥스,서울특별시 강남구 신사동
로칼버블듀크오브투웬티스센추리,서울특별시 강남구 신사동
충무김밥,서울특별시 강남구 신사동
파리바게뜨압구정점,서울특별시 강남구 신사동
배러댄비프,서울특별시 강남구 신사동
만복국수집,서울특별시 강남구 신사동
봉구비어,서울특별시 강남구 신사동
올데이피자,서울특별시 강남구 신사동
오조이자카야,서울특별시 강남구 신사동
신미식당,서울특별시 강남구 신사동
코끼리분식,서울특별시 강남구 신사동
까페마당,서울특별시 강남구 신사동
콰이,서울특별시 강남구 신사동
유쾌한접시,서울특별시 강남구 신사동
맥도날드신사역점,서울특별시 강남구 신사동
룰라톤,서울특별시 강남구 신사동
소망김밥,서울특별시 강남구 신사동
이층집왕족발,서울특별시 강남구 신사동
생활맥주압구정로데오점,서울특별시 강남구 신사동
Millis&Coffee,서울특별시 강남구 신사동
강남떡집,서울특별시 강남구 신사동
오스테리아꼬또압구정점,서울특별시 강남구 신사동
투싼,서울특별시 강남구 신사동
커피빈,서울특별시 강남구 신사동
야스노야지로,서울특별시 강남구 신사동
파스텔드나따,서울특별시 강남구 신사동
타로블라썸,서울특별시 강남구 신사동
우가청담,서울특별시 강남구 신사동
아띠,서울특별시 강남구 신사동
만복국수,서울특별시 강남구 신사동
리틀인디아,서울특별시 강남구 신사동
해남집,서울특별시 강남구 신사동
최강짬뽕,서울특별시 강남구 신사동
로데오김밥,서울특별시 강남구 신사동
김밥천국,서울특별시 강남구 신사동
삿뽀로압구정점,서울특별시 강남구 신사동
바빌리안테이블,서울특별시 강남구 신사동
송학숯불구이,서울특별시 강남구 신사동
오뎅과정종압구정점,서울특별시 강남구 신사동
교촌치킨,서울특별시 강남구 신사동
홀릭이스케이프,서울특별시 강남구 신사동
리틀사이공,서울특별시 강남구 신사동
샤블리스,서울특별시 강남구 신사동
북창동순두부,서울특별시 강남구 신사동
일번지통닭HOF,서울특별시 강남구 신사동
순수치킨,서울특별시 강남구 신사동
파삐스타코,서울특별시 강남구 신사동
소진담,서울특별시 강남구 신사동
토마토도시락,서울특별시 강남구 신사동
정든집,서울특별시 강남구 신사동
치유에프앤비,서울특별시 강남구 신사동
아이센스리그PC방,서울특별시 강남구 신사동
아마빌레,서울특별시 강남구 신사동
본태,서울특별시 강남구 신사동
데노체,서울특별시 강남구 신사동
콤마22,서울특별시 강남구 신사동
빵어스타,서울특별시 강남구 신사동
온기정,서울특별시 강남구 신사동
밥사랑,서울특별시 강남구 신사동
청담만옥,서울특별시 강남구 신사동
엘피,서울특별시 강남구 신사동
통영마을,서울특별시 강남구 신사동
빌라드뮤리,서울특별시 강남구 신사동
레이지쿠오레,서울특별시 강남구 신사동
나미나미,서울특별시 강남구 신사동
가자,서울특별시 강남구 신사동
모국정서,서울특별시 강남구 신사동
형훈라멘,서울특별시 강남구 신사동
페타테,서울특별시 강남구 신사동
스쿨푸드딜리버리,서울특별시 강남구 신사동
테스트키친,서울특별시 강남구 신사동
카모메,서울특별시 강남구 신사동
신사동577,서울특별시 강남구 신사동
태인수산,서울특별시 강남구 신사동
도마야끼불펜,서울특별시 강남구 신사동
청담순두부두부공방,서울특별시 강남구 신사동
꼬끄더그릴,서울특별시 강남구 신사동
아워홈신사영업소,서울특별시 강남구 신사동
디룸,서울특별시 강남구 신사동
서른커피,서울특별시 강남구 신사동
차돌소풍마을,서울특별시 강남구 신사동
클라시코,서울특별시 강남구 신사동
유가네닭갈비,서울특별시 강남구 신사동
제이오에프엔비,서울특별시 강남구 신사동
홀리데이서울,서울특별시 강남구 신사동
사잔카,서울특별시 강남구 신사동
리필커피,서울특별시 강남구 신사동
엠비피베트남쌀국수포몬,서울특별시 강남구 신사동
스타벅스,서울특별시 강남구 신사동
오복수산,서울특별시 강남구 신사동
앙스모멍시그니처,서울특별시 강남구 신사동
칙피스,서울특별시 강남구 신사동
비에프랩,서울특별시 강남구 신사동
서커스뮤직,서울특별시 강남구 신사동
랑꼬뉴,서울특별시 강남구 신사동
오프더키친,서울특별시 강남구 신사동
배스킨라빈스31,서울특별시 강남구 신사동
헤이미,서울특별시 강남구 신사동
양지반점,서울특별시 강남구 신사동
참한,서울특별시 강남구 신사동
인딕슬로우,서울특별시 강남구 신사동
아우어다이닝,서울특별시 강남구 신사동
라끌레도르,서울특별시 강남구 신사동
BKR버거킹압구정로데오점,서울특별시 강남구 신사동
본죽,서울특별시 강남구 신사동
정성찬,서울특별시 강남구 신사동
CGV,서울특별시 강남구 신사동
피르마,서울특별시 강남구 신사동
카페보스,서울특별시 강남구 신사동
CHITUSDAK,서울특별시 강남구 신사동
핑가스존,서울특별시 강남구 신사동
클랩피자,서울특별시 강남구 신사동
카페캠프통,서울특별시 강남구 신사동
봉식이옛날왕만두,서울특별시 강남구 신사동
신사만장어,서울특별시 강남구 신사동
대박삽겹살,서울특별시 강남구 신사동
엘본인터내셔날,서울특별시 강남구 신사동
취향의공간,서울특별시 강남구 신사동
티케이크리에이티브그룹,서울특별시 강남구 신사동
마일스톤,서울특별시 강남구 신사동
컨버터,서울특별시 강남구 신사동
스윙,서울특별시 강남구 신사동
샐러드,서울특별시 강남구 신사동
시스템,서울특별시 강남구 신사동
디투앤디,서울특별시 강남구 신사동
바오밥,서울특별시 강남구 신사동
화사랑,서울특별시 강남구 신사동
텔러스9.5,서울특별시 강남구 신사동
곤조스시,서울특별시 강남구 신사동
베이스먼트원,서울특별시 강남구 신사동
징관청훠궈,서울특별시 강남구 신사동
교대이층집,서울특별시 강남구 신사동
빌리엔젤,서울특별시 강남구 신사동
델마르,서울특별시 강남구 신사동
말랑맨션,서울특별시 강남구 신사동
보타르가,서울특별시 강남구 신사동
코지아일랜드,서울특별시 강남구 신사동
에이스펍,서울특별시 강남구 신사동
윤잇,서울특별시 강남구 신사동
세계일주-고두비,서울특별시 강남구 신사동
백반의장미,서울특별시 강남구 신사동
막걸리는살아있다,서울특별시 강남구 신사동
마일스톤커피로스터스,서울특별시 강남구 신사동
더소반,서울특별시 강남구 신사동
일사육146스트리트,서울특별시 강남구 신사동
더키친살바토레쿠오모,서울특별시 강남구 신사동
지오반니,서울특별시 강남구 신사동
코코로키친,서울특별시 강남구 신사동
JS가든[압구정점],서울특별시 강남구 신사동
퀸포차,서울특별시 강남구 신사동
앤파티,서울특별시 강남구 신사동
크리드627,서울특별시 강남구 신사동
좋은자리,서울특별시 강남구 신사동
쥬씨압구정2호점,서울특별시 강남구 신사동
재미난조각가,서울특별시 강남구 신사동
산호,서울특별시 강남구 신사동
에맥앤볼리오스,서울특별시 강남구 신사동
어촌,서울특별시 강남구 신사동
팔미낙지한마리수제비,서울특별시 강남구 신사동
압구정로데오공차,서울특별시 강남구 신사동
소풍김밥전문점,서울특별시 강남구 신사동
강릉옛날집,서울특별시 강남구 신사동
하하도시락,서울특별시 강남구 신사동
요요프레쉬티바,서울특별시 강남구 신사동
캘리스코히바린압구정역점,서울특별시 강남구 신사동
카베하네커피공방,서울특별시 강남구 신사동
Qulznos,서울특별시 강남구 신사동
태가원,서울특별시 강남구 신사동
카시나,서울특별시 강남구 신사동
딤섬,서울특별시 강남구 신사동
킨카이자카야킨톤라멘,서울특별시 강남구 신사동
굴세상,서울특별시 강남구 신사동
브리오슈도레압구정역점,서울특별시 강남구 신사동
벽돌,서울특별시 강남구 신사동
몽크투바흐,서울특별시 강남구 신사동
마치래빗샐러드가로수길본점,서울특별시 강남구 신사동
소공동뚝배기집,서울특별시 강남구 신사동
일일향,서울특별시 강남구 신사동
카페아토제이드,서울특별시 강남구 신사동
세흠니르,서울특별시 강남구 신사동
미음죽,서울특별시 강남구 신사동
다질링,서울특별시 강남구 신사동
아트씨컴퍼니,서울특별시 강남구 신사동
립합플래그쉽스토어,서울특별시 강남구 신사동
라그릴리아청담점,서울특별시 강남구 신사동
골드피쉬딤섬퀴진,서울특별시 강남구 신사동
미스터사이몬,서울특별시 강남구 신사동
배스킨라빈스브라운청담점,서울특별시 강남구 신사동
블랙쪼끼,서울특별시 강남구 신사동
하코네,서울특별시 강남구 신사동
비재즈,서울특별시 강남구 신사동
산동교자관,서울특별시 강남구 신사동
도미노피자,서울특별시 강남구 신사동
벤스쿠키,서울특별시 강남구 신사동
제이콥스레더,서울특별시 강남구 신사동
골목떡볶기,서울특별시 강남구 신사동
경스시,서울특별시 강남구 신사동
김밥천국,서울특별시 강남구 신사동
웨스턴차이나,서울특별시 강남구 신사동
퍼블리크라움점,서울특별시 강남구 신사동
미도참치신사점,서울특별시 강남구 신사동
46,서울특별시 강남구 신사동
오미자스튜디오,서울특별시 강남구 신사동
낭만옵빠,서울특별시 강남구 신사동
코이에,서울특별시 강남구 신사동
일번지통닭앤호프,서울특별시 강남구 신사동
킨포크도산,서울특별시 강남구 신사동
부쉬윅,서울특별시 강남구 신사동
스시기요이,서울특별시 강남구 신사동
에르바,서울특별시 강남구 신사동
언더핑크,서울특별시 강남구 신사동
새들러하우스,서울특별시 강남구 신사동
소이연남마오,서울특별시 강남구 신사동
스타가든,서울특별시 강남구 신사동
0000서울,서울특별시 강남구 신사동
파머스마켓팥집,서울특별시 강남구 신사동
무아,서울특별시 강남구 신사동
하임이공칠,서울특별시 강남구 신사동
조각보,서울특별시 강남구 신사동
매화,서울특별시 강남구 신사동
EBT,서울특별시 강남구 신사동
대복우육면,서울특별시 강남구 신사동
다이렉트키친,서울특별시 강남구 신사동
을지다락도산공원,서울특별시 강남구 신사동
평화다방,서울특별시 강남구 신사동
효계,서울특별시 강남구 신사동
고래감자탕,서울특별시 강남구 신사동
상웨이샤브샤브무한리필,서울특별시 강남구 신사동
퍼크,서울특별시 강남구 신사동
무탄,서울특별시 강남구 신사동
엘오미노,서울특별시 강남구 신사동
도산분식,서울특별시 강남구 신사동
미니골드,서울특별시 강남구 신사동
왓어셰프,서울특별시 강남구 신사동
이노,서울특별시 강남구 신사동
와일드앤마일드,서울특별시 강남구 신사동
스타벅스,서울특별시 강남구 신사동
바무드,서울특별시 강남구 신사동
카페스튜디오,서울특별시 강남구 신사동
40DAYS,서울특별시 강남구 신사동
이태리갓포분이네,서울특별시 강남구 신사동
마치마치,서울특별시 강남구 신사동
스시츠바키,서울특별시 강남구 신사동
빠레뜨한남,서울특별시 강남구 신사동
청초수물회섭국,서울특별시 강남구 신사동
프리파킹,서울특별시 강남구 신사동
제네랄드링크샵,서울특별시 강남구 신사동
쿠스,서울특별시 강남구 신사동
레스투고,서울특별시 강남구 신사동
발리와,서울특별시 강남구 신사동
최우영스시,서울특별시 강남구 신사동
이랜드파크외식압구정,서울특별시 강남구 신사동
디토,서울특별시 강남구 신사동
뜨라또리아샘킴,서울특별시 강남구 신사동
핫도그찹찹,서울특별시 강남구 신사동
어스,서울특별시 강남구 신사동
아이뽀유,서울특별시 강남구 신사동
경성밥상,서울특별시 강남구 신사동
르블루,서울특별시 강남구 신사동
에쓰푸드존쿡델리미트시그,서울특별시 강남구 신사동
아일어소시에이츠,서울특별시 강남구 신사동
오로라,서울특별시 강남구 신사동
압구정참한,서울특별시 강남구 신사동
파운드,서울특별시 강남구 신사동
몽리,서울특별시 강남구 신사동
도어401,서울특별시 강남구 신사동
위펀,서울특별시 강남구 신사동
빽다방강남소망점,서울특별시 강남구 신사동
압구정현대점,서울특별시 강남구 신사동
마틴쯔워츠,서울특별시 강남구 신사동
온더루트,서울특별시 강남구 신사동
카페,서울특별시 강남구 신사동
마히나비건테이블,서울특별시 강남구 신사동
세라젬카페오가다,서울특별시 강남구 신사동
스니,서울특별시 강남구 신사동
우시야,서울특별시 강남구 신사동
블루보틀커피코리아압구정,서울특별시 강남구 신사동
창고43,서울특별시 강남구 신사동
브알라누아르,서울특별시 강남구 신사동
논골소반,서울특별시 강남구 신사동
서른커피2,서울특별시 강남구 신사동
조선커피,서울특별시 강남구 신사동
리틀푸드,서울특별시 강남구 신사동
테이스티나인,서울특별시 강남구 신사동
파리크라상파스쿠찌압구정역2호,서울특별시 강남구 신사동
비스트로하이드,서울특별시 강남구 신사동
로바타탄요,서울특별시 강남구 신사동
디.베티,서울특별시 강남구 신사동
에이지49_BAR,서울특별시 강남구 신사동
엉플레,서울특별시 강남구 신사동
이디야커피,서울특별시 강남구 신사동
갓포준×에스테반,서울특별시 강남구 신사동
레볼루션펍,서울특별시 강남구 신사동
에딸프,서울특별시 강남구 신사동
플랜비,서울특별시 강남구 신사동
패리스비치,서울특별시 강남구 신사동
투썸플레이스압구정51케이,서울특별시 강남구 신사동
고디바_,서울특별시 강남구 신사동
인디펜던트커피,서울특별시 강남구 신사동
요아케,서울특별시 강남구 신사동
미스터피자압구정점,서울특별시 강남구 신사동
오드리,서울특별시 강남구 신사동
족황상제,서울특별시 강남구 신사동
싸다김밥,서울특별시 강남구 신사동
부키부키,서울특별시 강남구 신사동
더대판,서울특별시 강남구 신사동
빌라쥬11팩토리봉수아,서울특별시 강남구 신사동
게스후,서울특별시 강남구 신사동
근식당,서울특별시 강남구 신사동
천공,서울특별시 강남구 신사동
오월의가로수,서울특별시 강남구 신사동
하나은행,서울특별시 강남구 신사동
병철이네육고기,서울특별시 강남구 신사동
프레그릿가로수,서울특별시 강남구 신사동
로브니,서울특별시 강남구 신사동
압구정막국수,서울특별시 강남구 신사동
콤펙트,서울특별시 강남구 신사동
카페,서울특별시 강남구 신사동
CEO의탄생,서울특별시 강남구 신사동
피자네버슬립스,서울특별시 강남구 신사동
빠숑,서울특별시 강남구 신사동
일마레,서울특별시 강남구 신사동
우아시스,서울특별시 강남구 신사동
푸디스엘엔에프아이디병원지점,서울특별시 강남구 신사동
티피이서울,서울특별시 강남구 신사동
PAVOX,서울특별시 강남구 신사동
탐앤탐스,서울특별시 강남구 신사동
처가집압구정점,서울특별시 강남구 신사동
일도씨곱창신사점,서울특별시 강남구 신사동
존쿡델리미트시그니처,서울특별시 강남구 신사동
잘아는밥집,서울특별시 강남구 신사동
희래등,서울특별시 강남구 신사동
북경반점,서울특별시 강남구 신사동
신사포장마차그때그자리에서,서울특별시 강남구 신사동
상석,서울특별시 강남구 신사동
도가횟집,서울특별시 강남구 신사동
조스파이스치킨,서울특별시 강남구 신사동
복싱타이거,서울특별시 강남구 신사동
리커테이션,서울특별시 강남구 신사동
KT,서울특별시 강남구 신사동
데이데이라운지,서울특별시 강남구 신사동
폴스타,서울특별시 강남구 신사동
압구정문살롱,서울특별시 강남구 신사동
비비드,서울특별시 강남구 신사동
시시쿠시,서울특별시 강남구 신사동
와이스파치오,서울특별시 강남구 신사동
비스트로스파크,서울특별시 강남구 신사동
휴고도산,서울특별시 강남구 신사동
갓잇,서울특별시 강남구 신사동
컨셉비,서울특별시 강남구 신사동
다이닝목로,서울특별시 강남구 신사동
갓포히미츠,서울특별시 강남구 신사동
판파티룸,서울특별시 강남구 신사동
명동할머니국수,서울특별시 강남구 신사동
금산제면소,서울특별시 강남구 신사동
레호이,서울특별시 강남구 신사동
돼장,서울특별시 강남구 신사동
PAL,서울특별시 강남구 신사동
트리타,서울특별시 강남구 신사동
카페엣,서울특별시 강남구 신사동
신사전,서울특별시 강남구 신사동
이태리부대찌개,서울특별시 강남구 신사동
바램2,서울특별시 강남구 신사동
캘리포니아호프치킨,서울특별시 강남구 신사동
꼬리치는삼겹살,서울특별시 강남구 신사동
착한끼,서울특별시 강남구 신사동
텐션,서울특별시 강남구 신사동
면주방,서울특별시 강남구 신사동
포25,서울특별시 강남구 신사동
올에어바,서울특별시 강남구 신사동
FOF,서울특별시 강남구 신사동
거북썬블랙,서울특별시 강남구 신사동
주점2046,서울특별시 강남구 신사동
카페윤잇,서울특별시 강남구 신사동
로얄마카롱,서울특별시 강남구 신사동
TWG티,서울특별시 강남구 신사동
카페,서울특별시 강남구 신사동
신사베베,서울특별시 강남구 신사동
어성일식,서울특별시 강남구 신사동
이태리슈퍼마켓,서울특별시 강남구 신사동
제이콥스레더,서울특별시 강남구 신사동
수수식탁,서울특별시 강남구 신사동
바블렌드,서울특별시 강남구 신사동
마이프렌드쎄르지오,서울특별시 강남구 신사동
커피엘사,서울특별시 강남구 신사동
블랙레디BLACKLADY,서울특별시 강남구 신사동
브라운돈까스,서울특별시 강남구 신사동
멜로드도산,서울특별시 강남구 신사동
매머드익스프레스,서울특별시 강남구 신사동
더베이12,서울특별시 강남구 신사동
어물전청담,서울특별시 강남구 신사동
컬리넌,서울특별시 강남구 신사동
퀸즈블러바드압구정,서울특별시 강남구 신사동
크르크르,서울특별시 강남구 신사동
유어네이키드치즈,서울특별시 강남구 신사동
비코드라운지,서울특별시 강남구 신사동
청담이상,서울특별시 강남구 신사동
79파운야드,서울특별시 강남구 신사동
트라가,서울특별시 강남구 신사동
몬스터피자,서울특별시 강남구 신사동
사토시,서울특별시 강남구 신사동
호야,서울특별시 강남구 신사동
얀스테라스,서울특별시 강남구 신사동
베이커리&커피바이쿤달,서울특별시 강남구 신사동
텍사스데브라질,서울특별시 강남구 신사동
계룡장어,서울특별시 강남구 신사동
뉴크림,서울특별시 강남구 신사동
모던,서울특별시 강남구 신사동
라르고템포,서울특별시 강남구 신사동
황회장집,서울특별시 강남구 신사동
식목일,서울특별시 강남구 신사동
오로라버거앤샐러드,서울특별시 강남구 신사동
플링크,서울특별시 강남구 신사동
달라커피위드비에이치엘,서울특별시 강남구 신사동
메종드구르메LF동관점,서울특별시 강남구 신사동
크라이베이비,서울특별시 강남구 신사동
호시,서울특별시 강남구 신사동
젬,서울특별시 강남구 신사동
모브,서울특별시 강남구 신사동
야키토리묵신사,서울특별시 강남구 신사동
비반트커피,서울특별시 강남구 신사동
보카,서울특별시 강남구 신사동
스시유겐,서울특별시 강남구 신사동
오사카카레콘유,서울특별시 강남구 신사동
프레젠티,서울특별시 강남구 신사동
에페르,서울특별시 강남구 신사동
도슬박,서울특별시 강남구 신사동
올비도olvido,서울특별시 강남구 신사동
번치스,서울특별시 강남구 신사동
톰스벌스데이,서울특별시 강남구 신사동
오늘마켓,서울특별시 강남구 신사동
다락소바,서울특별시 강남구 신사동
앨거리즘,서울특별시 강남구 신사동
쿠요,서울특별시 강남구 신사동
씨엘33,서울특별시 강남구 신사동
작정,서울특별시 강남구 신사동
유아굿컴퍼니,서울특별시 강남구 신사동
에드엣,서울특별시 강남구 신사동
비바,서울특별시 강남구 신사동
콤팩트레코드바,서울특별시 강남구 신사동
회춘플러스,서울특별시 강남구 신사동
스시결,서울특별시 강남구 신사동
꼴라보하우스도산,서울특별시 강남구 신사동
메이드바이소아,서울특별시 강남구 신사동
텅플래니트,서울특별시 강남구 신사동
개츠비,서울특별시 강남구 신사동
리폼,서울특별시 강남구 신사동
미남옥,서울특별시 강남구 신사동
로우키,서울특별시 강남구 신사동
피치,서울특별시 강남구 신사동
디어달리아,서울특별시 강남구 신사동
비비노[BEVINO],서울특별시 강남구 신사동
비스트로앤트로,서울특별시 강남구 신사동
브로스,서울특별시 강남구 신사동
필살기,서울특별시 강남구 신사동
버거앤프라이즈,서울특별시 강남구 신사동
비비드,서울특별시 강남구 신사동
책인사,서울특별시 강남구 신사동
획,서울특별시 강남구 신사동
배떡,서울특별시 강남구 신사동
누데이크,서울특별시 강남구 신사동
별별,서울특별시 강남구 신사동
동화갈비,서울특별시 강남구 신사동
돈분화,서울특별시 강남구 신사동
한점의미학,서울특별시 강남구 신사동
아오리의행방불명,서울특별시 강남구 신사동
갤러리인디고,서울특별시 강남구 신사동
쿠니스,서울특별시 강남구 신사동
금성스테이크부대찌게,서울특별시 강남구 신사동
피더블유에이,서울특별시 강남구 신사동
BHC치킨,서울특별시 강남구 신사동
리마크스,서울특별시 강남구 신사동
그레인바운더리,서울특별시 강남구 신사동
스타럭스스폰티니,서울특별시 강남구 신사동
드레푸드,서울특별시 강남구 신사동
트랩하우스,서울특별시 강남구 신사동
곰리,서울특별시 강남구 신사동
메종드구르메,서울특별시 강남구 신사동
탐츠,서울특별시 강남구 신사동
show,서울특별시 강남구 신사동
오케이노래빠,서울특별시 강남구 신사동
압구정키친,서울특별시 강남구 신사동
블리스인씨암,서울특별시 강남구 신사동
센드미,서울특별시 강남구 신사동
베블,서울특별시 강남구 신사동
디저트로이,서울특별시 강남구 신사동
이자카야화분,서울특별시 강남구 신사동
라미스콘,서울특별시 강남구 신사동
이속우화천공,서울특별시 강남구 신사동
밀레볼레,서울특별시 강남구 신사동
명칭없음,서울특별시 강남구 신사동
미트업,서울특별시 강남구 신사동
에레보,서울특별시 강남구 신사동
라이트룸,서울특별시 강남구 신사동
크렘크럼블,서울특별시 강남구 신사동
슬랫,서울특별시 강남구 신사동
라포르엘랜디스도넛,서울특별시 강남구 신사동
목련식당,서울특별시 강남구 신사동
삼육오,서울특별시 강남구 신사동
아르켓,서울특별시 강남구 신사동
튀바분식,서울특별시 강남구 신사동
카즈,서울특별시 강남구 신사동
스미카새한에프앤비,서울특별시 강남구 신사동
가제노오또,서울특별시 강남구 신사동
니블스,서울특별시 강남구 신사동
우디집,서울특별시 강남구 신사동
만만한장어,서울특별시 강남구 신사동
모던고기,서울특별시 강남구 신사동
신사동휘공,서울특별시 강남구 신사동
사케츠바사,서울특별시 강남구 신사동
피치peach,서울특별시 강남구 신사동
배드보이키친,서울특별시 강남구 신사동
CAFEEST,서울특별시 강남구 신사동
미대쉐프,서울특별시 강남구 신사동
더블트러블유니온,서울특별시 강남구 신사동
문참치,서울특별시 강남구 신사동
풍,서울특별시 강남구 신사동
서강쇠떡볶이,서울특별시 강남구 신사동
블루오너,서울특별시 강남구 신사동
센샤쿠,서울특별시 강남구 신사동
몰트바중독,서울특별시 강남구 신사동
열봉이,서울특별시 강남구 신사동
오르빗,서울특별시 강남구 신사동
조이,서울특별시 강남구 신사동
저기커피로스터스,서울특별시 강남구 신사동
나,서울특별시 강남구 신사동
커피네이션신사DV점,서울특별시 강남구 신사동
골드참치,서울특별시 강남구 신사동
북촌손만두,서울특별시 강남구 신사동
방앗간보드게임방,서울특별시 강남구 신사동
라운지어반보드까페,서울특별시 강남구 신사동
리앤리사주·타로,서울특별시 강남구 신사동
노가리슈퍼,서울특별시 강남구 신사동
야키토리요이사,서울특별시 강남구 신사동
원더우먼보드까페,서울특별시 강남구 신사동
피자덕후맥주덕후,서울특별시 강남구 신사동
뱅크보드게임장,서울특별시 강남구 신사동
스시사키,서울특별시 강남구 신사동
압구정샌드위치,서울특별시 강남구 신사동
화이트야드,서울특별시 강남구 신사동
오끼참치앤스시,서울특별시 강남구 신사동
세컨디포레스트,서울특별시 강남구 신사동
꼬륵수제도시락,서울특별시 강남구 신사동
더나인클럽,서울특별시 강남구 신사동
미쓰냉삼,서울특별시 강남구 신사동
젤라떼리아도도청담,서울특별시 강남구 신사동
유니드마이요거트,서울특별시 강남구 신사동
화빙장,서울특별시 강남구 신사동
아로마티카,서울특별시 강남구 신사동
모던곱창,서울특별시 강남구 신사동
긴자료코,서울특별시 강남구 신사동
압구정실비식당,서울특별시 강남구 신사동
펜트하우스,서울특별시 강남구 신사동
다온,서울특별시 강남구 신사동
핫쵸,서울특별시 강남구 신사동
소노키,서울특별시 강남구 신사동
소적두압구정,서울특별시 강남구 신사동
트래블피자신사AIRPORT,서울특별시 강남구 신사동
오엠지X게판,서울특별시 강남구 신사동
서울왕돈까스,서울특별시 강남구 신사동
진도켄,서울특별시 강남구 신사동
세바,서울특별시 강남구 신사동
구구구,서울특별시 강남구 신사동
유튜브,서울특별시 강남구 신사동
보드카페,서울특별시 강남구 신사동
타코앤칠리,서울특별시 강남구 신사동
바니분식,서울특별시 강남구 신사동
마들마들,서울특별시 강남구 신사동
스위트룸,서울특별시 강남구 신사동
퍼시픽스탠다드,서울특별시 강남구 신사동
아스트랄,서울특별시 강남구 신사동
성수명당,서울특별시 강남구 신사동
모리화,서울특별시 강남구 신사동
디리조트,서울특별시 강남구 신사동
살롱드앙주,서울특별시 강남구 신사동
카페브이,서울특별시 강남구 신사동
느리게걷기,서울특별시 강남구 신사동
에이,서울특별시 강남구 신사동
로도스코리아,서울특별시 강남구 신사동
구정족발,서울특별시 강남구 신사동
퀸타로사주,서울특별시 강남구 신사동
신사의바램,서울특별시 강남구 신사동
퍼프타운,서울특별시 강남구 신사동
압구정호프,서울특별시 강남구 신사동
조이보드게임,서울특별시 강남구 신사동
디오리엔탈,서울특별시 강남구 신사동
제이바,서울특별시 강남구 신사동
압구정팥쥐네사주타로,서울특별시 강남구 신사동
아더스시,서울특별시 강남구 신사동
설빙,서울특별시 강남구 신사동
금식당,서울특별시 강남구 신사동
탐라포차,서울특별시 강남구 신사동
라칸틴LaCantine,서울특별시 강남구 신사동
