﻿상세영업상태명,지번주소,사업장명
영업,서울특별시 강남구 신사동,리버사이드커피숍
영업,서울특별시 강남구 신사동,은정
영업,서울특별시 강남구 신사동,초원
영업,서울특별시 강남구 신사동,뉴삼화관광호텔
영업,서울특별시 강남구 신사동,그린
영업,서울특별시 강남구 신사동,첫번째선택
영업,서울특별시 강남구 신사동,훼미리마트신사화랑점
영업,서울특별시 강남구 신사동,에이엠피엠코리아
영업,서울특별시 강남구 신사동,청학커피숍
영업,서울특별시 강남구 신사동,마농
영업,서울특별시 강남구 신사동,라리
영업,서울특별시 강남구 신사동,베스킨라빈스
영업,서울특별시 강남구 신사동,빅뱅
영업,서울특별시 강남구 신사동,진로베스토아(신사3호)
영업,서울특별시 강남구 신사동,우리김밥
영업,서울특별시 강남구 신사동,에이에프히치콕
영업,서울특별시 강남구 신사동,에이엠피엠
영업,서울특별시 강남구 신사동,일로뜨
영업,서울특별시 강남구 신사동,살바들달리
영업,서울특별시 강남구 신사동,키티스까페
영업,서울특별시 강남구 신사동,소닉
영업,서울특별시 강남구 신사동,세븐일레븐 압구정2점
영업,서울특별시 강남구 신사동,할리스커피
영업,서울특별시 강남구 신사동,미니스톱신사제일점
영업,서울특별시 강남구 신사동,스타벅스압구정역점
영업,서울특별시 강남구 신사동,보디가드
영업,서울특별시 강남구 신사동,미니스톱압구정5점
영업,서울특별시 강남구 신사동,이디야
영업,서울특별시 강남구 신사동,미니스톱신사현대점
영업,서울특별시 강남구 신사동,초코포즈
영업,서울특별시 강남구 신사동,미니스톱 신사만남점
영업,서울특별시 강남구 신사동,더그라인드
영업,서울특별시 강남구 신사동,세븐일레븐압구정11호점
영업,서울특별시 강남구 신사동,세븐일레븐신사5호점
영업,서울특별시 강남구 신사동,죠스샌드위치압구정점
영업,서울특별시 강남구 신사동,파파존스피자압구정점
영업,서울특별시 강남구 신사동,테이크어반
영업,서울특별시 강남구 신사동,장군김밥
영업,서울특별시 강남구 신사동,스타벅스 압구정미소점
영업,서울특별시 강남구 신사동,세븐일레븐신사4호
영업,서울특별시 강남구 신사동,탐앤탐스 더 클래식 압구정로데오점
영업,서울특별시 강남구 신사동,씨지브이 압구정2
영업,서울특별시 강남구 신사동,씨지브이 압구정4
영업,서울특별시 강남구 신사동,씨지브이 압구정3
영업,서울특별시 강남구 신사동,파다닥
영업,서울특별시 강남구 신사동,플라워파티
영업,서울특별시 강남구 신사동,미테
영업,서울특별시 강남구 신사동,배스킨라빈스 cafe 31압구정점
영업,서울특별시 강남구 신사동,(주)커피빈코리아압구정로데오점
영업,서울특별시 강남구 신사동,카페플로리안
영업,서울특별시 강남구 신사동,카페스트라쎄
영업,서울특별시 강남구 신사동,구스띠모신사
영업,서울특별시 강남구 신사동,홈스테드커피(압구정로데오점)
영업,서울특별시 강남구 신사동,소망김밥
영업,서울특별시 강남구 신사동,세븐일레븐 압구정스퀘어점
영업,서울특별시 강남구 신사동,탐앤탐스압구정본점
영업,서울특별시 강남구 신사동,스타벅스 압구정로점
영업,서울특별시 강남구 신사동,탐앤탐스 도산로점
영업,서울특별시 강남구 신사동,압구정 오메오메 김밥
영업,서울특별시 강남구 신사동,로뎀나무
영업,서울특별시 강남구 신사동,(주)탐앤탐스 갤러리점
영업,서울특별시 강남구 신사동,네스카페
영업,서울특별시 강남구 신사동,롯데씨브이에스711 신사증권점
영업,서울특별시 강남구 신사동,미니스톱압구정가은점
영업,서울특별시 강남구 신사동,빈스빈스 신사점
영업,서울특별시 강남구 신사동,한국맥도날드(유) 압구정CGV점
영업,서울특별시 강남구 신사동,모란단팥죽
영업,서울특별시 강남구 신사동,충무김밥
영업,서울특별시 강남구 신사동,크라프트앤
영업,서울특별시 강남구 신사동,왓츠업
영업,서울특별시 강남구 신사동,투썸플레이스 가로수길점
영업,서울특별시 강남구 신사동,팝스
영업,서울특별시 강남구 신사동,미스터도넛가로수길점
영업,서울특별시 강남구 신사동,스카이보드
영업,서울특별시 강남구 신사동,김밥까페압구정점
영업,서울특별시 강남구 신사동,래빗
영업,서울특별시 강남구 신사동,빈스빈스커피
영업,서울특별시 강남구 신사동,내삶은국수
영업,서울특별시 강남구 신사동,피베리스커피
영업,서울특별시 강남구 신사동,도산대로1길 12
영업,서울특별시 강남구 신사동,바나나트리
영업,서울특별시 강남구 신사동,씨유(신사한남점)
영업,서울특별시 강남구 신사동,더베리와플
영업,서울특별시 강남구 신사동,(주) 골드펌프킨
영업,서울특별시 강남구 신사동,스타벅스 신압구정점
영업,서울특별시 강남구 신사동,거니떡볶이
영업,서울특별시 강남구 신사동,만쥬하나
영업,서울특별시 강남구 신사동,엘까페딸
영업,서울특별시 강남구 신사동,삐아프
영업,서울특별시 강남구 신사동,카페312
영업,서울특별시 강남구 신사동,(주)크리에이션랩알리스
영업,서울특별시 강남구 신사동,미니스톱 압구정로데오점
영업,서울특별시 강남구 신사동,티나가든(TINAS GARDEN)
영업,서울특별시 강남구 신사동,온더비 (ON THE B)
영업,서울특별시 강남구 신사동,리김밥 압구정점
영업,서울특별시 강남구 신사동,챔프
영업,서울특별시 강남구 신사동,죠스떡볶이
영업,서울특별시 강남구 신사동,카페마리
영업,서울특별시 강남구 신사동,(주)하늘땅픽쳐스
영업,서울특별시 강남구 신사동,고디바_가로수길점
영업,서울특별시 강남구 신사동,카카오빈
영업,서울특별시 강남구 신사동,야카모즈
영업,서울특별시 강남구 신사동,(주)커피빈코리아 뉴가로수길점
영업,서울특별시 강남구 신사동,이디야 압구정점
영업,서울특별시 강남구 신사동,부엉이돈가스 압구정로데오점
영업,서울특별시 강남구 신사동,투썸플레이스
영업,서울특별시 강남구 신사동,GS25 압구정화인점
영업,서울특별시 강남구 신사동,탐앤탐스 블랙 압구정점
영업,서울특별시 강남구 신사동,식스팀버
영업,서울특별시 강남구 신사동,그린푸드
영업,서울특별시 강남구 신사동,스타벅스 가로수길점
영업,서울특별시 강남구 신사동,공차
영업,서울특별시 강남구 신사동,투썸플레이스 신사세로수길점
영업,서울특별시 강남구 신사동,압구정로데오 공차
영업,서울특별시 강남구 신사동,한국맥도날드(유)신사역점
영업,서울특별시 강남구 신사동,레미콘(REMICONE)소프트아이스크림
영업,서울특별시 강남구 신사동,미노스(MINOS)
영업,서울특별시 강남구 신사동,제이콥스레더(Jacob's Ladder)
영업,서울특별시 강남구 신사동,광림교회 사회봉사관
영업,서울특별시 강남구 신사동,빙빙빙
영업,서울특별시 강남구 신사동,스파게티스토리
영업,서울특별시 강남구 신사동,스윗비
영업,서울특별시 강남구 신사동,하하도시락
영업,서울특별시 강남구 신사동,GS25신사강남
영업,서울특별시 강남구 신사동,오프(OFF)
영업,서울특별시 강남구 신사동,더앨리 가로수길점
영업,서울특별시 강남구 신사동,굿밀샌드위치(가로수점)
영업,서울특별시 강남구 신사동,투썸플레이스 강남신사점
영업,서울특별시 강남구 신사동,코코빙
영업,서울특별시 강남구 신사동,씨유강남소망점
영업,서울특별시 강남구 신사동,오즈쓰리팝PC방
영업,서울특별시 강남구 신사동,소프트리압구정 새서울점
영업,서울특별시 강남구 신사동,커피나무
영업,서울특별시 강남구 신사동,빽다방 압구정로데오점
영업,서울특별시 강남구 신사동,카페97 (CAFE97)
영업,서울특별시 강남구 신사동,GS25 신사현대점
영업,서울특별시 강남구 신사동,빽다방
영업,서울특별시 강남구 신사동,비안도넛
영업,서울특별시 강남구 신사동,세븐일레븐 리갈펠리스점
영업,서울특별시 강남구 신사동,더쎄컨
영업,서울특별시 강남구 신사동,(주)AHC플레이존 신사점 카페테리아
영업,서울특별시 강남구 신사동,자자(Zaza)
영업,서울특별시 강남구 신사동,주스탐 압구정점
영업,서울특별시 강남구 신사동,베네티페어
영업,서울특별시 강남구 신사동,쥬씨(압구정2호점)
영업,서울특별시 강남구 신사동,GS25 강남로데오점
영업,서울특별시 강남구 신사동,까페바소
영업,서울특별시 강남구 신사동,바운싱휘트니스
영업,서울특별시 강남구 신사동,스타벅스 압구정점
영업,서울특별시 강남구 신사동,피크피씨방
영업,서울특별시 강남구 신사동,커피식스 쥬스식스 강남을지병원사거리점
영업,서울특별시 강남구 신사동,헤일리스카페
영업,서울특별시 강남구 신사동,지에스25 압구정역점
영업,서울특별시 강남구 신사동,핸드폰마을
영업,서울특별시 강남구 신사동,겟썸커피
영업,서울특별시 강남구 신사동,로마루피씨방
영업,서울특별시 강남구 신사동,엘팡
영업,서울특별시 강남구 신사동,(주)바디메모홀딩스
영업,서울특별시 강남구 신사동,카페더드림
영업,서울특별시 강남구 신사동,하루한상
영업,서울특별시 강남구 신사동,휴
영업,서울특별시 강남구 신사동,놀숲 압구정역점
영업,서울특별시 강남구 신사동,스플래쉬 블랙
영업,서울특별시 강남구 신사동,카페로운
영업,서울특별시 강남구 신사동,GS수퍼 신사점
영업,서울특별시 강남구 신사동,서울테라리움-피어나(PEERNA)
영업,서울특별시 강남구 신사동,신전떡볶이 신사점
영업,서울특별시 강남구 신사동,놀숲 신사가로수길점
영업,서울특별시 강남구 신사동,미니스톱 신강남신사점
영업,서울특별시 강남구 신사동,스타벅스 신사가로수점
영업,서울특별시 강남구 신사동,지유명차 압구정점
영업,서울특별시 강남구 신사동,안성상회
영업,서울특별시 강남구 신사동,리퍼블릭
영업,서울특별시 강남구 신사동,캐리마켓 가로수길지점
영업,서울특별시 강남구 신사동,쉼쉼풀이
영업,서울특별시 강남구 신사동,GS25신사자생점
영업,서울특별시 강남구 신사동,소망풍경
영업,서울특별시 강남구 신사동,지에스25 압구정유림
영업,서울특별시 강남구 신사동,할리스 세로수길점
영업,서울특별시 강남구 신사동,써브웨이 압구정역점
영업,서울특별시 강남구 신사동,수분(Sooboon)
영업,서울특별시 강남구 신사동,웰에이징클럽
영업,서울특별시 강남구 신사동,투썸플레이스 압구정로데오역점
영업,서울특별시 강남구 신사동,(주)한스케익 압구정점
영업,서울특별시 강남구 신사동,커피킹
영업,서울특별시 강남구 신사동,바네스플라워
영업,서울특별시 강남구 신사동,세븐일레븐 신사한나래점
영업,서울특별시 강남구 신사동,메르시투데이
영업,서울특별시 강남구 신사동,까페로마(Cafe Roma)
영업,서울특별시 강남구 신사동,보나르떼
영업,서울특별시 강남구 신사동,레이오버(Lay over)
영업,서울특별시 강남구 신사동,신사가배
영업,서울특별시 강남구 신사동,에맥앤볼리오스
영업,서울특별시 강남구 신사동,군밤먹을래? 꿀밤맞을래?
영업,서울특별시 강남구 신사동,허니비케이크
영업,서울특별시 강남구 신사동,코코라(COCORA)
영업,서울특별시 강남구 신사동,세븐일레븐 신사대로점
영업,서울특별시 강남구 신사동,GS25 신사센터점
영업,서울특별시 강남구 신사동,더 아담 신사역
영업,서울특별시 강남구 신사동,지에스25 압구정신구점
영업,서울특별시 강남구 신사동,CU압구정 CGV점
영업,서울특별시 강남구 신사동,GS25신사성원점
영업,서울특별시 강남구 신사동,포텐(4TEN)PC
영업,서울특별시 강남구 신사동,배스킨라빈스 세로수길
영업,서울특별시 강남구 신사동,비파티세리
영업,서울특별시 강남구 신사동,세븐일레븐 신사로데오점
영업,서울특별시 강남구 신사동,서른커피
영업,서울특별시 강남구 신사동,CU압구정로데오점
영업,서울특별시 강남구 신사동,(주)카시나 아카디움
영업,서울특별시 강남구 신사동,마이요(Myyo)
영업,서울특별시 강남구 신사동,헤이미
영업,서울특별시 강남구 신사동,피에스타PC방(강남압구정본점)
영업,서울특별시 강남구 신사동,테일러커피 주식회사
영업,서울특별시 강남구 신사동,와플에 구름
영업,서울특별시 강남구 신사동,오즈 쓰리 팝
영업,서울특별시 강남구 신사동,택시파스타 압구정로데오역점
영업,서울특별시 강남구 신사동,체인지업
영업,서울특별시 강남구 신사동,스타벅스 압구정R점
영업,서울특별시 강남구 신사동,(주)환웅재
영업,서울특별시 강남구 신사동,이디야커피(강남도산점)
영업,서울특별시 강남구 신사동,카페키츠네서울
영업,서울특별시 강남구 신사동,랑꼬뉴(Linconnu)
영업,서울특별시 강남구 신사동,라곰바리스타(LagomBarista)
영업,서울특별시 강남구 신사동,인디펜던트커피 가로수길점
영업,서울특별시 강남구 신사동,아러바우트 신사
영업,서울특별시 강남구 신사동,에그드랍압구정점
영업,서울특별시 강남구 신사동,차이의 놀이연구실
영업,서울특별시 강남구 신사동,(주)케이아이디코리아
영업,서울특별시 강남구 신사동,씨유 압구정신사점
영업,서울특별시 강남구 신사동,리필커피(RE FEEL)
영업,서울특별시 강남구 신사동,커피에 반하다
영업,서울특별시 강남구 신사동,바오밥나무커피
영업,서울특별시 강남구 신사동,오너스그램
영업,서울특별시 강남구 신사동,라끌레도르
영업,서울특별시 강남구 신사동,루씨앤정(LUCY AND JUNG)
영업,서울특별시 강남구 신사동,스파이더 압구정점
영업,서울특별시 강남구 신사동,행복한 수플레
영업,서울특별시 강남구 신사동,CU신사월드점
영업,서울특별시 강남구 신사동,모헤닉스테이310
영업,서울특별시 강남구 신사동,얌샘김밥 이마트24 강남압구정점
영업,서울특별시 강남구 신사동,CU 신사드림점
영업,서울특별시 강남구 신사동,자미당
영업,서울특별시 강남구 신사동,부키부키 본점
영업,서울특별시 강남구 신사동,한양사우나(스넥)
영업,서울특별시 강남구 신사동,탐앤탐스
영업,서울특별시 강남구 신사동,레더라 압구정점
영업,서울특별시 강남구 신사동,커피라이터(Coffee Writer)
영업,서울특별시 강남구 신사동,풍성호 압구정로데오점
영업,서울특별시 강남구 신사동,펠트 도산공원점
영업,서울특별시 강남구 신사동,(주)소진담컬쳐
영업,서울특별시 강남구 신사동,코코즈 마차(Coco's Matcha)
영업,서울특별시 강남구 신사동,샐러디 압구정점
영업,서울특별시 강남구 신사동,밀토스트 도산맘마
영업,서울특별시 강남구 신사동,씨유 압구정점
영업,서울특별시 강남구 신사동,틈새라면
영업,서울특별시 강남구 신사동,라스페스
영업,서울특별시 강남구 신사동,마이요딜리버리(Myyo Delivery)
영업,서울특별시 강남구 신사동,도어401
영업,서울특별시 강남구 신사동,세라젬카페오가다 압구정점
영업,서울특별시 강남구 신사동,공차 신사세로수길점
영업,서울특별시 강남구 신사동,필스타
영업,서울특별시 강남구 신사동,디파지트
영업,서울특별시 강남구 신사동,슈페리어
영업,서울특별시 강남구 신사동,바인더스
영업,서울특별시 강남구 신사동,노아컴퍼니
영업,서울특별시 강남구 신사동,셀파크뷰티리조트
영업,서울특별시 강남구 신사동,정이담긴죽 & 카페
영업,서울특별시 강남구 신사동,에맥앤볼리오스 안다즈호텔점
영업,서울특별시 강남구 신사동,조앤더주스 압구정역점
영업,서울특별시 강남구 신사동,바네
영업,서울특별시 강남구 신사동,티더블유지티(TWG TEA)
영업,서울특별시 강남구 신사동,CU 압구정거리점
영업,서울특별시 강남구 신사동,씨유신사현대점
영업,서울특별시 강남구 신사동,압구정 현대점(이디야)
영업,서울특별시 강남구 신사동,카페 젤다
영업,서울특별시 강남구 신사동,에그셀런트 압구정로데오점
영업,서울특별시 강남구 신사동,아이센스리그pc방 압구정점
영업,서울특별시 강남구 신사동,브렉퍼스트 다이너
영업,서울특별시 강남구 신사동,달리아
영업,서울특별시 강남구 신사동,지에스25(GS25) 신사진주점
영업,서울특별시 강남구 신사동,GS25 신사코원점
영업,서울특별시 강남구 신사동,더 벤티
영업,서울특별시 강남구 신사동,더커피랩(THE COFFEE LAB)
영업,서울특별시 강남구 신사동,셀러카페
영업,서울특별시 강남구 신사동,카페 드커넥트 Cafe De KONNECT
영업,서울특별시 강남구 신사동,엉플레
영업,서울특별시 강남구 신사동,아트앤씨 Art nc
영업,서울특별시 강남구 신사동,서른커피2
영업,서울특별시 강남구 신사동,르블루
영업,서울특별시 강남구 신사동,지에스25 신사증권점
영업,서울특별시 강남구 신사동,풀림(pullim)
영업,서울특별시 강남구 신사동,제이빈스 (J.Beans)
영업,서울특별시 강남구 신사동,신사꽈배기
영업,서울특별시 강남구 신사동,못난이꽈배기 압구정점
영업,서울특별시 강남구 신사동,언더핑크
영업,서울특별시 강남구 신사동,스타벅스 압구정윤성빌딩점
영업,서울특별시 강남구 신사동,말랑맨션
영업,서울특별시 강남구 신사동,홍만당 압구정점
영업,서울특별시 강남구 신사동,카페 아뮈제
영업,서울특별시 강남구 신사동,메인보드카페
영업,서울특별시 강남구 신사동,델마르
영업,서울특별시 강남구 신사동,카페알로하
영업,서울특별시 강남구 신사동,메가엠지씨커피 압구정역점
영업,서울특별시 강남구 신사동,카페 로얄마카롱 신사역점
영업,서울특별시 강남구 신사동,카페 앤 젤라또(caffe & gelato.)
영업,서울특별시 강남구 신사동,청수당 갤러리
영업,서울특별시 강남구 신사동,오엠엠유산균카페
영업,서울특별시 강남구 신사동,메머드 익스프레스 신사가로수본점
영업,서울특별시 강남구 신사동,투썸플레이스 압구정역점
영업,서울특별시 강남구 신사동,인테로뱅커피
영업,서울특별시 강남구 신사동,아러바우트
영업,서울특별시 강남구 신사동,아르넬ARENEL
영업,서울특별시 강남구 신사동,크림슨 젤라또
영업,서울특별시 강남구 신사동,주식회사 벙커컴퍼니 압구정점
영업,서울특별시 강남구 신사동,뉴욕라츠오베이글스
영업,서울특별시 강남구 신사동,릴리라이스 Lilly Rice
영업,서울특별시 강남구 신사동,지에스25(GS25)신사중앙점
영업,서울특별시 강남구 신사동,빠흐동
영업,서울특별시 강남구 신사동,아주밍
영업,서울특별시 강남구 신사동,더 리터 신사점
영업,서울특별시 강남구 신사동,컴포즈
영업,서울특별시 강남구 신사동,두두케이크
영업,서울특별시 강남구 신사동,달다곰이 압구정점
영업,서울특별시 강남구 신사동,빌리엔젤 압구정역점
영업,서울특별시 강남구 신사동,CU신사프리미어점
영업,서울특별시 강남구 신사동,이마트24 강남압구정점
영업,서울특별시 강남구 신사동,커피 엘사
영업,서울특별시 강남구 신사동,비반트커피(Vivant coffee)
영업,서울특별시 강남구 신사동,GS25 압구정CGV점
영업,서울특별시 강남구 신사동,호두당
영업,서울특별시 강남구 신사동,메종드구르메
영업,서울특별시 강남구 신사동,텅플래니트
영업,서울특별시 강남구 신사동,에레보
영업,서울특별시 강남구 신사동,메종드구르메 LF동관점
영업,서울특별시 강남구 신사동,메이드바이소아(Made by SOA)
영업,서울특별시 강남구 신사동,유니드마이요거트 신사점
영업,서울특별시 강남구 신사동,아르켓(ARKET)
영업,서울특별시 강남구 신사동,크렘크럼블
영업,서울특별시 강남구 신사동,북촌손만두 신사역점
영업,서울특별시 강남구 신사동,지에스(GS25)신사초롱점
영업,서울특별시 강남구 신사동,(주)라포르엘 랜디스도넛 가로수길점
영업,서울특별시 강남구 신사동,아로마티카
영업,서울특별시 강남구 신사동,젤라떼리아 도도 청담
영업,서울특별시 강남구 신사동,니블스(nibbles)
영업,서울특별시 강남구 신사동,(주)하우 신사역점
영업,서울특별시 강남구 신사동,(주)하우 압구정역점
영업,서울특별시 강남구 신사동,책인사
영업,서울특별시 강남구 신사동,카페프렌즈
영업,서울특별시 강남구 신사동,씨유 신사중앙점
영업,서울특별시 강남구 신사동,디저트로이
영업,서울특별시 강남구 신사동,이마트24 도산대로점
영업,서울특별시 강남구 신사동,라미스콘
영업,서울특별시 강남구 신사동,압구정샌드위치
영업,서울특별시 강남구 신사동,모리화
영업,서울특별시 강남구 신사동,샐러디 신사점
영업,서울특별시 강남구 신사동,퍼플래빗 주식회사
영업,서울특별시 강남구 신사동,추앤무
영업,서울특별시 강남구 신사동,압구정3번출구닭꼬치
영업,서울특별시 강남구 신사동,저기커피로스터스
영업,서울특별시 강남구 신사동,스몰배치서울(SMALLBATCH SEOUL)
영업,서울특별시 강남구 신사동,여가생활
영업,서울특별시 강남구 신사동,스몰굿커피 압구정점
영업,서울특별시 강남구 신사동,그릭그릭
영업,서울특별시 강남구 신사동,씨유 신사초원점
영업,서울특별시 강남구 신사동,세븐일레븐 신사소망점
영업,서울특별시 강남구 신사동,카멜커피
영업,서울특별시 강남구 신사동,마리왕 신사역점
영업,서울특별시 강남구 신사동,이봄씨어터
영업,서울특별시 강남구 신사동,엘크레카페
영업,서울특별시 강남구 신사동,설빙 가로수길
영업,서울특별시 강남구 신사동,카페 미드타운
영업,서울특별시 강남구 신사동,아이리스(IRIS PC POP) 신사점
영업,서울특별시 강남구 신사동,해월동
영업,서울특별시 강남구 신사동,지에스25(GS25) 신사타운점
영업,서울특별시 강남구 신사동,디스타갤러리(D.Star GALLERY)
영업,서울특별시 강남구 신사동,코너테라스 coner terrace
영업,서울특별시 강남구 신사동,앳베이크샵(atbakeshop)
영업,서울특별시 강남구 신사동,이마트24 R신사스퀘어점
영업,서울특별시 강남구 신사동,나리꼬모 강남신사점
영업,서울특별시 강남구 신사동,에스프레소 그 자체_압구정
영업,서울특별시 강남구 신사동,벨리아
영업,서울특별시 강남구 신사동,노매터
영업,서울특별시 강남구 신사동,보뜨 도산점
영업,서울특별시 강남구 신사동,버드레인
영업,서울특별시 강남구 신사동,세븐일레븐(신사무지개점)
영업,서울특별시 강남구 신사동,(주)제이엠지아이엔씨
영업,서울특별시 강남구 신사동,메종드 홍만당 압구정본점
영업,서울특별시 강남구 신사동,하프커피 신사점
영업,서울특별시 강남구 신사동,테디(teddy)아이스크림
영업,서울특별시 강남구 신사동,지(gee)보드카페
영업,서울특별시 강남구 신사동,뮤지드아트
영업,서울특별시 강남구 신사동,컴포즈커피 강남시장점
영업,서울특별시 강남구 신사동,송사부 신사점
영업,서울특별시 강남구 신사동,커피지
영업,서울특별시 강남구 신사동,포스터리 베이커
영업,서울특별시 강남구 신사동,호시탐탐
영업,서울특별시 강남구 신사동,해머스미스커피 압구정역점
영업,서울특별시 강남구 신사동,올커피
영업,서울특별시 강남구 신사동,(주)파리크라상 잠바주스 압구정역점
영업,서울특별시 강남구 신사동,하프웨이(Halfway)
영업,서울특별시 강남구 신사동,프론트 서울
영업,서울특별시 강남구 신사동,커피기업 압구정점
영업,서울특별시 강남구 신사동,퓨버티
영업,서울특별시 강남구 신사동,세븐일레븐 압구정로데오점
영업,서울특별시 강남구 신사동,세븐일레븐 압구정본점
영업,서울특별시 강남구 신사동,송오브송즈로스터즈
