﻿업소명,지번주소
마산옥,서울특별시 강남구 신사동
대가방,서울특별시 강남구 신사동
압구정 샤브샤브,서울특별시 강남구 신사동
오미가,서울특별시 강남구 신사동
루위,서울특별시 강남구 신사동
명인등심(청담유통),서울특별시 강남구 신사동
룽청,서울특별시 강남구 신사동
포엔분짜,서울특별시 강남구 신사동
하영호신촌설렁탕 압구정역점,서울특별시 강남구 신사동
(주)정성담에프앤비,서울특별시 강남구 신사동
한일관,서울특별시 강남구 신사동
이즈미,서울특별시 강남구 신사동
금수복국 압구정점,서울특별시 강남구 신사동
연타발,서울특별시 강남구 신사동
최가네버섯매운탕칼국수,서울특별시 강남구 신사동
돈으로가,서울특별시 강남구 신사동
봉추찜닭압구정로데오점,서울특별시 강남구 신사동
하루,서울특별시 강남구 신사동
옛날집 도산사거리점,서울특별시 강남구 신사동
새마을식당,서울특별시 강남구 신사동
뱃고동,서울특별시 강남구 신사동
우림황소양곱창,서울특별시 강남구 신사동
(주)닭으로가,서울특별시 강남구 신사동
압구정제주집(狎鷗亭濟州緝),서울특별시 강남구 신사동
추풍령칼삼겹살,서울특별시 강남구 신사동
와인주막차차 압구정점,서울특별시 강남구 신사동
동원연탄석쇠구이,서울특별시 강남구 신사동
닭한마리 감자탕,서울특별시 강남구 신사동
이층집왕족발,서울특별시 강남구 신사동
종쓰부,서울특별시 강남구 신사동
취향의공간,서울특별시 강남구 신사동
