|name|score_naver|count_naver|score_daum|count_daum|score_dining|count_dining|score_trip|count_trip|score_manggo|count_manggo|total_count|score_weighted
0|뉴만두집|4.36|1652|3.7|170|0.0|0|0.0|0|4.2|65|1887|4.3
1|카페무니 압구정본점|4.36|670|0.0|0|0.0|0|0.0|0|0.0|0|670|4.36
2|포스터리 베이커|4.36|512|0.0|0|0.0|0|0.0|0|0.0|0|512|4.36
3|압구정하루|4.36|3616|4.1|203|0.0|0|4.0|11|0.0|0|3830|4.35
4|온기정|4.3|2286|3.2|356|0.0|0|0.0|0|0.0|0|2642|4.15
5|카페 노티드 청담|4.44|20844|3.7|1881|0.0|0|0.0|0|0.0|0|22725|4.38
6|리틀넥 청담|4.5|5367|3.9|911|0.0|0|0.0|0|4.4|187|6465|4.41
7|호족반|4.34|3093|3.6|654|0.0|0|0.0|0|0.0|0|3747|4.21
8|쮸즈|4.38|3508|3.7|426|0.0|0|0.0|0|4.2|466|4400|4.3
9|까폼|4.52|2633|4.3|293|0.0|0|5.0|4|4.5|58|2988|4.5
10|벽돌해피푸드 압구정점|4.46|1221|3.5|202|4.4|8|0.0|0|4.3|69|1500|4.32
11|미미면가|4.27|3249|3.6|407|0.0|0|0.0|0|4.1|333|3989|4.19
12|아우어베이커리 가로수길점|4.46|4910|4.0|589|4.5|27|0.0|0|0.0|0|5526|4.41
13|달마시안|4.46|1586|2.9|240|0.0|0|0.0|0|4.1|9|1835|4.25
14|삼원가든|4.45|906|0.0|56|0.0|0|4.0|20|0.0|0|982|4.19
15|묵전|4.45|1441|3.8|145|4.0|19|0.0|0|4.3|165|1770|4.38
16|올리버|4.62|80|0.0|0|0.0|0|0.0|0|0.0|0|80|4.62
17|카멜커피|4.43|2669|3.3|22|0.0|0|0.0|0|0.0|0|2691|4.42
18|오스테리아 꼬또 압구정점|4.43|2290|3.2|214|0.0|0|0.0|0|4.1|75|2579|4.32
19|달래해장|4.43|496|2.2|58|0.0|0|0.0|0|0.0|0|554|4.2
20|마일스톤 커피|4.62|2845|4.3|332|0.0|0|0.0|0|4.2|100|3277|4.57
21|대막|4.43|2279|3.7|552|0.0|0|0.0|0|4.0|85|2916|4.28
22|뉴욕라츠오베이글스|4.53|1867|0.0|0|4.2|8|0.0|0|0.0|0|1875|4.53
23|아베크 청담|4.39|1001|3.0|155|0.0|0|0.0|0|0.0|0|1156|4.2
24|다운타우너 청담|4.61|5852|4.2|575|4.5|66|0.0|0|4.3|296|6789|4.56
25|우와|4.48|2091|3.7|49|4.2|20|0.0|0|0.0|0|2160|4.46
26|플레이버스 바이 바프|4.62|104|0.0|0|0.0|0|0.0|0|0.0|0|104|4.62
27|신사전|4.31|914|3.9|136|0.0|0|0.0|0|4.3|14|1064|4.26
28|파넬|4.17|1722|3.5|108|4.1|10|0.0|0|4.2|78|1918|4.13
29|브루클린더버거조인트 가로수길점|4.48|4248|3.9|470|0.0|0|0.0|0|4.0|327|5045|4.39
30|한올|4.53|62|0.0|0|0.0|0|0.0|0|0.0|0|62|4.53
31|무탄|4.36|2929|0.0|488|0.0|0|0.0|0|0.0|0|3417|3.74
32|르브런쉭 신사점|4.34|1430|3.6|41|0.0|0|0.0|0|0.0|0|1471|4.32
33|뱃고동|4.28|3624|3.4|324|4.2|20|4.5|42|4.1|93|4103|4.21
34|클랩피자 청담점|4.52|3703|3.9|273|0.0|0|0.0|0|4.2|36|4012|4.47
35|지아니스나폴리 가로수길점|4.35|1127|4.0|76|0.0|0|0.0|0|4.3|227|1430|4.32
36|콴안다오|4.52|2528|4.3|343|4.4|31|0.0|0|4.6|209|3111|4.5
37|카츠바이콘반|4.58|2205|4.3|496|0.0|0|0.0|0|4.5|115|2816|4.53
38|카이센동 우니도|4.84|616|0.0|0|0.0|0|0.0|0|0.0|0|616|4.84
39|핫쵸|4.46|855|3.0|123|0.0|0|0.0|0|4.2|18|996|4.28
40|선데이 버거 클럽|4.53|1187|4.3|198|0.0|0|0.0|0|4.4|48|1433|4.49
41|도산분식 도산공원점|4.23|2743|3.0|327|3.8|33|0.0|0|0.0|0|3103|4.1
42|도산맘마미아|4.36|4494|3.1|1009|0.0|0|0.0|0|0.0|0|5503|4.13
43|강남면옥 본점|4.28|1865|3.3|79|0.0|0|0.0|0|0.0|0|1944|4.24
44|샌드커피 논탄토 신사|4.47|1380|0.0|0|0.0|0|0.0|0|0.0|0|1380|4.47
45|다이닝 목로|4.65|934|0.0|0|0.0|0|0.0|0|4.3|6|940|4.65
46|안동국시|4.26|229|3.4|19|0.0|0|0.0|0|0.0|0|248|4.19
47|텍사스데브라질 압구정점|4.33|4018|3.7|205|0.0|0|0.0|0|0.0|0|4223|4.3
48|한추|4.19|2483|0.0|0|3.8|33|3.5|30|0.0|0|2546|4.18
49|갓잇 도산공원점|4.62|1672|3.8|173|0.0|0|0.0|0|4.1|13|1858|4.54
50|맥주덕후 피자덕후|4.92|1573|4.7|169|0.0|0|0.0|0|0.0|0|1742|4.9
51|오복수산 도산|4.44|1800|0.0|0|4.1|15|0.0|0|4.1|81|1896|4.42
52|효계|4.53|624|0.0|0|0.0|0|0.0|0|4.4|21|645|4.53
53|압구정 곱창|4.61|713|4.0|138|4.4|7|0.0|0|4.2|20|878|4.5
54|에뚜왈|4.49|2318|0.0|0|0.0|0|0.0|0|4.1|167|2485|4.46
55|청담돈|4.63|2281|0.0|504|0.0|0|0.0|0|0.0|0|2785|3.79
56|워커비|4.63|116|0.0|0|0.0|0|0.0|0|0.0|0|116|4.63
57|키친마이야르|4.26|690|4.4|99|0.0|0|0.0|0|0.0|0|789|4.28
58|오리지널팬케이크하우스 가로수길점|4.31|2362|3.5|148|0.0|0|0.0|0|4.3|344|2854|4.27
59|치즈룸 안다즈|4.58|6837|3.9|423|0.0|0|0.0|0|4.4|56|7316|4.54
60|온달집 본점|4.44|1324|3.7|246|4.5|6|0.0|0|0.0|0|1576|4.32
61|웨이크앤베이크 청담|4.42|1745|3.8|206|0.0|0|0.0|0|4.1|39|1990|4.35
62|최가네버섯샤브매운탕칼국수|4.55|1818|4.6|218|0.0|0|0.0|0|4.3|40|2076|4.55
63|이웃집통통이 로데오점|4.58|415|0.0|0|0.0|0|0.0|0|0.0|0|415|4.58
64|누데이크 하우스 도산|4.42|2534|3.4|374|0.0|0|0.0|0|4.0|25|2933|4.29
65|심퍼티쿠시 가로수길점|4.55|510|4.8|107|0.0|0|0.0|0|4.1|13|630|4.58
66|SADDLER HAUS|4.55|7567|2.3|55|0.0|0|0.0|0|4.4|112|7734|4.53
67|청초수물회 강남점|4.35|1093|3.8|81|0.0|0|0.0|0|0.0|0|1174|4.31
68|진도켄 이자카야|5.0|211|0.0|0|0.0|0|0.0|0|4.1|6|217|4.98
69|ING|4.22|384|3.3|32|0.0|0|0.0|0|0.0|0|416|4.15
70|은행골 신사점|4.71|3594|4.0|378|0.0|0|0.0|0|0.0|0|3972|4.64
71|모센즈스위트 신사점|4.4|53|0.0|0|0.0|0|0.0|0|0.0|0|53|4.4
72|어썸로즈|4.77|4414|3.9|368|0.0|0|0.0|0|0.0|0|4782|4.7
73|소진담 신사점|4.49|4214|4.0|377|0.0|0|0.0|0|0.0|0|4591|4.45
74|피자네버슬립스|4.52|1227|3.9|198|0.0|0|0.0|0|0.0|0|1425|4.43
75|로로|4.4|1548|3.4|456|0.0|0|0.0|0|0.0|0|2004|4.17
76|온리고|4.71|1492|4.7|177|0.0|0|0.0|0|4.3|17|1686|4.7
77|타르틴베이커리 도산점|4.38|2505|3.4|349|4.3|17|0.0|0|0.0|0|2871|4.26
78|파씨오네|4.7|3529|4.4|173|0.0|0|0.0|0|4.6|148|3850|4.68
79|우가|4.55|1040|4.1|46|0.0|0|5.0|8|4.3|45|1139|4.53
80|포레스트 청담|4.99|2064|3.5|191|0.0|0|0.0|0|0.0|0|2255|4.86
81|마망갸또 신사점|4.36|917|3.0|30|0.0|0|0.0|0|0.0|0|947|4.32
82|백곰막걸리|4.38|881|3.4|125|0.0|0|4.5|7|4.3|61|1074|4.26
83|웍셔너리|4.28|1441|3.8|205|0.0|0|0.0|0|0.0|0|1646|4.22
84|패티앤베지스|4.46|1603|4.4|204|0.0|0|0.0|0|4.5|74|1881|4.46
85|비파티세리|4.44|2570|4.2|218|4.1|9|0.0|0|4.2|126|2923|4.41
86|강서면옥 압구정점|4.31|1072|3.6|74|0.0|0|0.0|0|4.0|110|1256|4.24
87|삼창교자|4.44|981|3.7|243|3.9|12|0.0|0|4.5|101|1337|4.31
88|감성타코 신사점|4.44|2539|3.5|13|0.0|0|0.0|0|4.0|135|2687|4.41
89|키마스시 청담|4.58|176|0.0|0|0.0|0|0.0|0|0.0|0|176|4.58
90|일일향 압구정1호점|4.32|1978|2.9|114|3.9|12|0.0|0|0.0|0|2104|4.24
91|애니오케이션 청담|4.36|870|0.0|0|0.0|0|0.0|0|4.4|16|886|4.36
92|마사 타코|4.42|643|3.9|85|0.0|0|0.0|0|0.0|0|728|4.36
93|다이칸야마키친|4.36|2102|2.8|175|0.0|0|0.0|0|0.0|0|2277|4.24
94|C27 가로수길점|4.27|3902|3.3|286|0.0|0|0.0|0|0.0|0|4188|4.2
95|부쉬윅|4.73|484|5.0|113|0.0|0|0.0|0|0.0|0|597|4.78
96|호호식당 도산공원|4.69|1875|4.3|131|0.0|0|0.0|0|0.0|0|2006|4.66
97|칙피스 신사점|4.49|3034|4.0|327|4.2|22|0.0|0|4.5|179|3562|4.44
98|콘유|4.73|646|3.6|88|0.0|0|0.0|0|0.0|0|734|4.59
99|콘피에르|4.42|1276|0.0|0|0.0|0|0.0|0|0.0|0|1276|4.42
100|롸카두들 내쉬빌 핫치킨 압구정|4.58|925|4.5|237|0.0|0|0.0|0|4.5|96|1258|4.56
101|임프레션|4.7|1056|4.5|77|0.0|0|5.0|4|4.4|29|1166|4.68
102|벙커컴퍼니 압구정점|4.58|1065|4.2|114|0.0|0|0.0|0|4.2|11|1190|4.54
103|보타르가|4.45|311|4.1|56|0.0|0|0.0|0|4.5|50|417|4.41
104|메리고라운드 스테이크|4.35|4107|0.0|0|0.0|0|0.0|0|0.0|0|4107|4.35
105|신미식당|4.41|711|3.7|52|0.0|0|0.0|0|0.0|0|763|4.36
106|압구정제주집|4.6|1072|4.3|62|0.0|0|0.0|0|0.0|0|1134|4.58
107|얼오브샌드위치 압구정로데오점|4.69|95|0.0|0|0.0|0|0.0|0|0.0|0|95|4.69
108|감성타코 가로수길점|4.42|1838|2.8|139|0.0|0|0.0|0|0.0|0|1977|4.31
109|웜브라운 베이커리카페|4.7|211|0.0|0|0.0|0|0.0|0|0.0|0|211|4.7
110|한남베르그 도산|4.41|56|0.0|0|0.0|0|0.0|0|0.0|0|56|4.41
111|을지다락 도산공원|4.48|1896|4.1|264|0.0|0|0.0|0|0.0|0|2160|4.43
112|지강낙곱새 압구정본점|4.46|1208|0.0|0|0.0|0|0.0|0|0.0|0|1208|4.46
113|그랑씨엘|4.18|613|3.4|64|4.4|6|0.0|0|0.0|0|683|4.11
114|Just Steak|4.34|992|0.0|0|0.0|0|0.0|0|4.1|134|1126|4.31
115|샤블리|4.74|3090|3.8|297|0.0|0|0.0|0|0.0|0|3387|4.66
116|호쿠모쿠|4.52|132|0.0|0|0.0|0|0.0|0|0.0|0|132|4.52
117|도쿄등심 압구정점|4.59|4422|3.6|406|0.0|0|4.5|10|0.0|0|4838|4.51
118|길버트버거앤프라이즈|4.49|1292|4.3|98|0.0|0|0.0|0|4.3|295|1685|4.45
119|듀자미|4.29|3564|3.0|236|3.5|31|0.0|0|0.0|0|3831|4.2
120|마이쏭|4.17|818|2.6|53|0.0|0|4.0|9|0.0|0|880|4.07
121|이끼롤까스 가로수길점|4.52|2941|3.2|184|0.0|0|0.0|0|0.0|0|3125|4.44
122|레브|4.52|150|0.0|0|0.0|0|0.0|0|0.0|0|150|4.52
123|갓포아키 도산공원점|4.52|724|4.2|57|0.0|0|0.0|0|0.0|0|781|4.5
124|세시셀라 도산공원점|4.45|1866|3.7|230|4.3|19|0.0|0|4.3|288|2403|4.36
125|마르르 본점|4.62|932|3.3|64|0.0|0|0.0|0|0.0|0|996|4.54
126|온다|4.73|832|3.9|113|0.0|0|0.0|0|4.2|5|950|4.63
127|안다즈서울강남 조각보|4.42|1077|0.0|0|0.0|0|0.0|0|0.0|0|1077|4.42
128|소이연남마오|4.45|901|4.0|117|5.0|3|0.0|0|4.7|69|1090|4.42
129|스킬렛 스테이크하우스|4.65|5189|3.4|244|0.0|0|0.0|0|0.0|0|5433|4.59
130|야사이마끼 쿠이신보|4.45|529|4.1|134|4.4|5|0.0|0|4.5|33|701|4.39
131|장다리곱창|4.72|1609|4.4|152|4.5|5|0.0|0|0.0|0|1766|4.69
132|Lu307 이자카야|4.82|469|0.0|0|0.0|0|0.0|0|0.0|0|469|4.82
133|갓포 히미츠 X 뱅가드 하이파이 뮤직 라운지|4.52|440|0.0|0|0.0|0|0.0|0|0.0|0|440|4.52
134|디크루즈|4.64|60|0.0|0|0.0|0|0.0|0|0.0|0|60|4.64
135|골드피쉬 딤섬퀴진|4.55|1116|3.8|129|0.0|0|0.0|0|4.3|246|1491|4.44
136|엘피노323|4.47|568|4.2|63|0.0|0|0.0|0|4.1|47|678|4.42
137|쿠라우니|4.44|1712|3.2|249|0.0|0|0.0|0|0.0|0|1961|4.28
138|목포집|4.29|1831|3.4|154|0.0|0|4.5|0|4.2|204|2189|4.22
139|PEACH|4.41|477|0.0|0|0.0|0|0.0|0|4.6|11|488|4.41
140|프레즈드로이|4.29|719|3.7|152|0.0|0|0.0|0|0.0|0|871|4.19
141|이치서울|4.37|528|0.0|0|4.4|8|0.0|0|0.0|0|536|4.37
142|펠트커피 도산공원점|4.4|1019|3.8|125|0.0|0|0.0|0|4.1|51|1195|4.32
143|네기다이닝라운지|4.62|572|4.6|117|4.5|6|0.0|0|4.3|24|719|4.61
144|제이앤제이슨 X|4.13|343|3.4|83|0.0|0|0.0|0|0.0|0|426|3.99
145|빠레뜨한남 가로수길점|4.58|2861|3.0|482|0.0|0|0.0|0|0.0|0|3343|4.35
146|고트델리 압구정|4.62|1068|4.1|148|0.0|0|0.0|0|4.3|33|1249|4.55
147|우미학|4.41|903|3.7|94|0.0|0|0.0|0|0.0|0|997|4.34
148|뮤즈온|4.39|591|4.6|52|0.0|0|0.0|0|0.0|0|643|4.41
149|정돈프리미엄 신사점|4.35|1312|3.9|215|0.0|0|0.0|0|4.4|224|1751|4.3
150|선셋스위밍 샌드위치|4.33|1190|3.2|186|0.0|0|0.0|0|4.1|27|1403|4.18
151|프레임|4.29|92|0.0|0|0.0|0|0.0|0|0.0|0|92|4.29
152|노모어피자|4.75|2214|3.9|528|0.0|0|0.0|0|0.0|0|2742|4.59
153|타코앤칠리|4.96|219|0.0|0|0.0|0|0.0|0|0.0|0|219|4.96
154|스시츠바사|4.42|601|0.0|0|0.0|0|0.0|0|0.0|0|601|4.42
155|플링크 압구정|4.45|443|0.0|0|0.0|0|0.0|0|0.0|0|443|4.45
156|김북순큰남비집 신사본점|4.47|1197|3.7|77|0.0|0|0.0|0|0.0|0|1274|4.42
157|아우어베이커리 도산본점|4.45|5540|3.4|272|4.1|28|0.0|0|0.0|0|5840|4.4
158|우시야 본점|4.51|581|4.2|70|4.2|5|0.0|0|0.0|0|656|4.47
159|Bowl Room|4.53|1375|0.0|0|0.0|0|0.0|0|4.2|62|1437|4.52
160|신사 모소리|4.53|902|4.6|172|0.0|0|0.0|0|4.1|20|1094|4.53
161|천미미|4.39|903|3.9|63|0.0|0|0.0|0|0.0|0|966|4.36
162|오엔|4.16|1468|0.0|0|0.0|0|0.0|0|0.0|0|1468|4.16
163|이치에|4.46|859|3.7|132|0.0|0|0.0|0|4.5|169|1160|4.38
164|텔러스 9.5|4.5|758|0.0|0|4.7|8|0.0|0|0.0|0|766|4.5
165|더플레이트디저트|4.44|496|0.0|0|0.0|0|0.0|0|0.0|0|496|4.44
166|사브서울|4.64|305|0.0|0|0.0|0|0.0|0|4.5|14|319|4.63
167|신사숙녀|4.32|528|0.0|0|0.0|0|0.0|0|0.0|0|528|4.32
168|어물전 청 도산공원점|4.33|232|0.0|0|0.0|0|0.0|0|4.4|17|249|4.33
169|아가젤라또|4.57|533|4.4|4|4.7|9|0.0|0|0.0|0|546|4.57
170|바빌리안테이블|4.64|2243|4.4|181|0.0|0|0.0|0|0.0|0|2424|4.62
171|핀치브런치바|4.85|172|0.0|0|0.0|0|0.0|0|0.0|0|172|4.85
172|더페이머스버거 신사점|4.45|1295|3.7|253|0.0|0|0.0|0|0.0|0|1548|4.33
173|대봉집 신사본점|4.45|838|4.3|91|0.0|0|0.0|0|0.0|0|929|4.44
174|랜디스도넛 가로수길점|4.45|3183|3.7|197|0.0|0|0.0|0|0.0|0|3380|4.41
175|당옥|4.32|732|3.5|92|0.0|0|0.0|0|0.0|0|824|4.23
176|뮤지드아트|4.34|57|0.0|0|0.0|0|0.0|0|0.0|0|57|4.34
177|UPPERWEST|4.45|607|3.4|14|0.0|0|0.0|0|0.0|0|621|4.43
178|카페 아뮈제 도산|4.62|809|4.2|37|0.0|0|0.0|0|0.0|0|846|4.6
179|우돈청|4.58|401|3.5|58|0.0|0|0.0|0|0.0|0|459|4.44
180|플르서라구뜨|4.33|54|0.0|0|0.0|0|0.0|0|0.0|0|54|4.33
181|리마크스|4.39|285|0.0|0|0.0|0|0.0|0|0.0|0|285|4.39
182|스몰디쉬빅쇼|4.51|906|0.0|0|4.8|4|0.0|0|0.0|0|910|4.51
183|시추안하우스 압구정점|4.48|790|3.4|84|0.0|0|5.0|1|0.0|0|875|4.38
184|에이커스|4.11|667|2.9|78|0.0|0|0.0|0|0.0|0|745|3.98
185|잠수교집 5호점|4.51|971|3.3|154|0.0|0|0.0|0|0.0|0|1125|4.34
186|청수당갤러리|4.44|2090|0.0|0|0.0|0|0.0|0|4.0|40|2130|4.43
187|식물학|4.43|1631|3.6|183|0.0|0|0.0|0|0.0|0|1814|4.35
188|카페 마당|4.47|975|4.1|178|0.0|0|0.0|0|0.0|0|1153|4.41
189|파시0914|4.47|397|3.5|58|0.0|0|0.0|0|0.0|0|455|4.35
190|미우|4.79|218|0.0|0|0.0|0|0.0|0|0.0|0|218|4.79
191|을지다락 가로수길|4.48|1192|4.5|199|0.0|0|0.0|0|0.0|0|1391|4.48
192|형훈 텐동|4.4|1111|3.3|59|0.0|0|0.0|0|0.0|0|1170|4.34
193|심양 청담본점|4.26|711|3.1|76|0.0|0|0.0|0|4.3|60|847|4.16
194|나따오비까 신사점|4.31|940|3.6|118|0.0|0|0.0|0|0.0|0|1058|4.23
195|스시선수|4.42|666|4.5|92|0.0|0|5.0|13|4.4|94|865|4.44
196|딩딤1968|4.4|807|3.3|102|0.0|0|0.0|0|4.0|98|1007|4.25
197|크라운돼지|4.76|457|3.9|64|0.0|0|0.0|0|4.0|25|546|4.62
198|미분당 신사점|4.53|1054|4.4|112|0.0|0|0.0|0|0.0|0|1166|4.52
199|미드타운|5.0|421|3.5|53|0.0|0|0.0|0|0.0|0|474|4.83
200|솔솥 청담점|4.75|824|0.0|0|0.0|0|0.0|0|0.0|0|824|4.75
201|플디 도산점|4.28|650|0.0|0|0.0|0|0.0|0|4.0|28|678|4.27
202|양철지붕|4.44|272|3.8|17|0.0|0|0.0|0|0.0|0|289|4.4
203|고반식당 가로수길점|4.61|1124|3.7|160|0.0|0|0.0|0|0.0|0|1284|4.5
204|디저트로이|4.44|265|0.0|0|0.0|0|0.0|0|0.0|0|265|4.44
205|스시 이토|4.34|641|3.7|115|0.0|0|0.0|0|4.1|31|787|4.24
206|카페 노티드 신사 옐로우바스켓 팝업|4.64|999|4.4|94|0.0|0|0.0|0|0.0|0|1093|4.62
207|소각|4.88|1816|0.0|0|0.0|0|0.0|0|0.0|0|1816|4.88
208|Poke all day 포케&샐러드 신사점|4.4|782|0.0|0|0.0|0|0.0|0|0.0|0|782|4.4
209|쉐이크쉑 청담점|4.44|6915|3.6|262|0.0|0|0.0|0|0.0|0|7177|4.41
210|볼피노|4.29|1388|3.8|209|0.0|0|4.5|3|0.0|0|1600|4.23
211|씨네드쉐프 압구정|4.64|750|0.0|0|0.0|0|0.0|0|0.0|0|750|4.64
212|닭으로가 압구정본점|4.45|1287|3.3|126|0.0|0|0.0|0|4.2|31|1444|4.34
213|식물성 도산|4.78|475|0.0|0|4.5|10|0.0|0|0.0|0|485|4.77
214|소적두 압구정점|4.6|837|3.9|35|0.0|0|0.0|0|0.0|0|872|4.57
215|스시사카우|4.69|436|4.5|94|0.0|0|0.0|0|4.3|30|560|4.64
216|서울러|4.82|492|4.5|65|0.0|0|0.0|0|0.0|0|557|4.78
217|뻐꾸기 본점|4.41|516|3.7|46|0.0|0|0.0|0|4.1|44|606|4.33
218|더 키친 일뽀르노 청담점|4.41|403|0.0|0|0.0|0|0.0|0|0.0|0|403|4.41
219|사이|4.65|782|4.1|44|0.0|0|0.0|0|0.0|0|826|4.62
220|더페이머스버거 압구정점|4.69|984|4.2|66|0.0|0|0.0|0|0.0|0|1050|4.66
221|홍미닭발 신사본점|4.35|1400|3.2|117|0.0|0|0.0|0|0.0|0|1517|4.26
222|르알래스카 가로수길 본점|4.4|1603|3.8|100|0.0|0|0.0|0|0.0|0|1703|4.36
223|오르비에토|4.72|263|4.7|51|0.0|0|0.0|0|4.3|32|346|4.68
224|한일관 압구정점|4.27|1567|3.4|60|3.9|12|4.0|17|0.0|0|1656|4.23
225|우텐더|4.72|371|3.7|53|0.0|0|0.0|0|0.0|0|424|4.59
226|카페그라쎄|4.42|570|4.3|79|0.0|0|0.0|0|0.0|0|649|4.41
227|윌비 가로수길점|4.59|354|0.0|0|0.0|0|0.0|0|0.0|0|354|4.59
228|바랗|4.34|618|3.6|26|0.0|0|3.5|13|0.0|0|657|4.29
229|모던오뎅|4.34|441|3.3|89|0.0|0|0.0|0|0.0|0|530|4.17
230|Ginos NY Pizza 압구정점|4.33|624|4.0|47|0.0|0|0.0|0|4.3|84|755|4.31
231|구들|4.75|350|0.0|0|0.0|0|0.0|0|4.5|9|359|4.74
232|온천집 스키야키|4.5|1030|3.7|70|0.0|0|0.0|0|0.0|0|1100|4.45
233|스페인클럽 가로수본점|4.28|657|0.0|32|0.0|0|4.0|30|0.0|0|719|4.08
234|맥파이앤타이거 신사티룸|4.87|884|0.0|0|0.0|0|0.0|0|4.1|5|889|4.87
235|트라가 가로수길점|4.9|1314|0.0|0|0.0|0|0.0|0|0.0|0|1314|4.9
236|678치킨앤버거 압구정점|4.64|51|0.0|0|0.0|0|0.0|0|0.0|0|51|4.64
237|장 스테이크|4.62|1001|4.3|28|0.0|0|0.0|0|4.5|150|1179|4.6
238|꿍탈레|4.4|545|3.7|59|0.0|0|0.0|0|0.0|0|604|4.33
239|베이커리 앤 커피 by 쿤달 압구정로데오 플래그쉽스토어|4.62|725|3.6|81|0.0|0|0.0|0|0.0|0|806|4.52
240|메종 사우스케이프|4.18|427|0.0|0|0.0|0|0.0|0|0.0|0|427|4.18
241|고급오복수산|4.52|1242|4.4|222|4.4|7|0.0|0|4.4|51|1522|4.5
242|휴고 도산|4.66|473|0.0|0|0.0|0|0.0|0|0.0|0|473|4.66
243|목탄장 도산점|4.3|389|0.0|0|0.0|0|0.0|0|4.3|7|396|4.3
244|안주집|4.73|390|0.0|0|0.0|0|0.0|0|0.0|0|390|4.73
245|송쉐프|4.38|1120|3.6|138|3.9|11|0.0|0|4.1|142|1411|4.27
246|골뱅이신사|4.73|837|2.9|166|0.0|0|0.0|0|0.0|0|1003|4.43
247|도레도레 신사점|4.43|1590|2.8|184|0.0|0|0.0|0|0.0|0|1774|4.26
248|신사시장 떡볶이집|4.3|184|0.0|0|0.0|0|0.0|0|0.0|0|184|4.3
249|마담타이 신사점|4.38|184|0.0|0|0.0|0|0.0|0|0.0|0|184|4.38
250|쇼토|4.48|610|4.3|111|0.0|0|0.0|0|4.4|70|791|4.45
251|지구당 신사점|4.27|787|3.4|31|0.0|0|0.0|0|0.0|0|818|4.24
252|카페드로우지|4.91|588|0.0|0|0.0|0|0.0|0|0.0|0|588|4.91
253|스미비부타동 압구정점|4.62|110|0.0|0|0.0|0|0.0|0|0.0|0|110|4.62
254|ebt|4.57|766|0.0|0|0.0|0|0.0|0|0.0|0|766|4.57
255|변두리비스트로|4.76|667|4.5|98|0.0|0|0.0|0|0.0|0|765|4.73
256|스구식탁 가로수길점|4.62|482|0.0|0|0.0|0|0.0|0|0.0|0|482|4.62
257|소나|4.33|849|3.9|72|0.0|0|0.0|0|4.2|195|1116|4.28
258|호화반점|4.31|1209|3.2|60|0.0|0|0.0|0|0.0|0|1269|4.26
259|마치래빗 샐러드 신사동가로수길본점|4.66|1152|3.3|12|0.0|0|0.0|0|0.0|0|1164|4.65
260|봄의정원 가로수길점|4.6|296|0.0|0|0.0|0|0.0|0|0.0|0|296|4.6
261|금별맥주 강남신사점|4.64|973|4.4|8|0.0|0|0.0|0|0.0|0|981|4.64
262|우모크|4.66|174|0.0|0|0.0|0|0.0|0|0.0|0|174|4.66
263|매덕스피자 신사점|4.5|1108|4.2|14|0.0|0|0.0|0|4.5|71|1193|4.5
264|두레국수 본점|4.33|1557|3.2|51|0.0|0|0.0|0|0.0|0|1608|4.29
265|0000 seoul|4.64|25|0.0|0|0.0|0|0.0|0|0.0|0|25|4.64
266|샤오당쟈마라탕 신사본점|4.56|1452|0.0|0|0.0|0|0.0|0|0.0|0|1452|4.56
267|잇샐러드 압구정점|4.6|234|0.0|0|0.0|0|0.0|0|0.0|0|234|4.6
268|추풍령칼삼겹살 압구정점|4.53|738|0.0|0|0.0|0|0.0|0|0.0|0|738|4.53
269|미아전|4.35|190|0.0|0|0.0|0|4.5|3|0.0|0|193|4.35
270|블루보틀 압구정 카페|4.37|1705|3.3|176|0.0|0|0.0|0|0.0|0|1881|4.27
271|퀸즈블러바드 압구정점|4.75|168|0.0|0|0.0|0|0.0|0|0.0|0|168|4.75
272|카페 키츠네 서울|4.26|705|3.8|207|0.0|0|0.0|0|0.0|0|912|4.16
273|마제스티 타바론 티 라운지|4.37|706|4.2|117|0.0|0|0.0|0|4.1|33|856|4.34
274|도슬박|4.5|376|4.0|79|0.0|0|0.0|0|4.1|14|469|4.4
275|하이볼가든|4.76|274|4.4|33|0.0|0|0.0|0|0.0|0|307|4.72
276|세컨디포레스트 가로수길점|4.37|1165|0.0|0|4.6|10|0.0|0|0.0|0|1175|4.37
277|37.5 시그니처 가로수길|4.52|191|0.0|0|0.0|0|0.0|0|0.0|0|191|4.52
278|카페캠프통|4.52|1149|3.7|779|0.0|0|0.0|0|0.0|0|1928|4.19
279|세인트그릴|4.55|1022|4.1|142|0.0|0|0.0|0|4.1|27|1191|4.49
280|있을 재|4.61|584|3.8|151|0.0|0|0.0|0|4.2|51|786|4.43
281|배스킨라빈스 BROWN청담점|4.49|3353|4.2|263|0.0|0|0.0|0|0.0|0|3616|4.47
282|포티데이즈|4.69|318|0.0|0|0.0|0|0.0|0|0.0|0|318|4.69
283|압구정면옥|4.26|825|4.1|99|0.0|0|0.0|0|0.0|0|924|4.24
284|이코복스커피 가로수길점|4.31|636|3.2|23|0.0|0|0.0|0|0.0|0|659|4.27
285|달맞이 신사점|4.36|282|0.0|0|0.0|0|0.0|0|0.0|0|282|4.36
286|르 사이트|4.24|883|3.5|66|0.0|0|0.0|0|0.0|0|949|4.19
287|야키토리 요이사|4.62|308|0.0|0|0.0|0|0.0|0|4.1|12|320|4.6
288|막이오름 가로수길점|4.35|557|3.7|106|0.0|0|0.0|0|0.0|0|663|4.25
289|가디록|4.62|462|3.7|53|0.0|0|0.0|0|4.6|55|570|4.53
290|스시유키|4.49|780|3.3|27|0.0|0|0.0|0|0.0|0|807|4.45
291|79파운야드 도산공원점|0.0|0|2.9|154|0.0|0|0.0|0|0.0|0|154|2.9
292|e청우참치|0.0|0|4.5|25|0.0|0|0.0|0|0.0|0|25|4.5
293|JS가든 압구정점|0.0|0|4.0|52|0.0|0|0.0|0|0.0|0|52|4.0
294|OMG 게판5분전|0.0|0|1.9|4|0.0|0|0.0|0|0.0|0|4|1.9
295|RPM|0.0|0|3.1|61|0.0|0|0.0|0|0.0|0|61|3.1
296|R카페|0.0|0|3.3|58|0.0|0|0.0|0|0.0|0|58|3.3
297|W가나|0.0|0|3.7|39|0.0|0|0.0|0|0.0|0|39|3.7
298|가담|0.0|0|3.8|91|3.8|9|0.0|0|4.6|143|243|4.27
299|가드너아드리아|0.0|0|3.4|60|0.0|0|0.0|0|0.0|0|60|3.4
300|가로수길공감|0.0|0|3.4|63|0.0|0|0.0|0|0.0|0|63|3.4
301|가로수길생칼국수 신사점|0.0|0|4.1|31|0.0|0|0.0|0|0.0|0|31|4.1
302|가로수브루잉컴퍼니|0.0|0|3.3|28|0.0|0|0.0|0|0.0|0|28|3.3
303|가온|0.0|0|1.8|37|0.0|0|4.0|30|4.4|20|87|3.16
304|갓덴스시 신사점|0.0|0|2.8|43|0.0|0|0.0|0|0.0|0|43|2.8
305|갓포마코토|0.0|0|3.8|74|0.0|0|0.0|0|4.3|14|88|3.88
306|강남돌곱창|0.0|0|4.5|15|0.0|0|0.0|0|0.0|0|15|4.5
307|개미집|0.0|0|3.6|22|0.0|0|0.0|0|0.0|0|22|3.6
308|겟썸커피 신사점|0.0|0|3.7|41|0.0|0|0.0|0|0.0|0|41|3.7
309|경복궁불고기 압구정점|0.0|0|3.7|17|0.0|0|0.0|0|0.0|0|17|3.7
310|경성팔일삼 본점|0.0|0|4.5|56|0.0|0|0.0|0|0.0|0|56|4.5
311|계식당|0.0|0|2.3|35|0.0|0|0.0|0|0.0|0|35|2.3
312|고디바 가로수길플래그쉽|0.0|0|3.8|55|0.0|0|0.0|0|0.0|0|55|3.8
313|고향역|0.0|0|4.0|41|0.0|0|0.0|0|0.0|0|41|4.0
314|교대이층집 신사점|0.0|0|3.6|69|0.0|0|0.0|0|0.0|0|69|3.6
315|교텐|0.0|0|4.4|28|0.0|0|0.0|0|0.0|0|28|4.4
316|구스테이크528|0.0|0|4.5|7|0.0|0|0.0|0|0.0|0|7|4.5
317|구전동화|0.0|0|3.1|72|0.0|0|0.0|0|4.1|16|88|3.28
318|군자대한곱창 신사점|0.0|0|2.3|64|0.0|0|0.0|0|0.0|0|64|2.3
319|그레이그리스트밀|0.0|0|3.9|93|0.0|0|0.0|0|0.0|0|93|3.9
320|근식당|0.0|0|3.5|27|0.0|0|0.0|0|0.0|0|27|3.5
321|금산제면소 압구정점|0.0|0|1.6|51|0.0|0|0.0|0|0.0|0|51|1.6
322|금성스테이크부대찌개|0.0|0|3.2|40|0.0|0|0.0|0|0.0|0|40|3.2
323|금수복국 압구정점|0.0|0|3.5|44|0.0|0|0.0|0|0.0|0|44|3.5
324|기세끼 신사점|0.0|0|3.9|56|0.0|0|0.0|0|0.0|0|56|3.9
325|길손|0.0|0|4.0|20|0.0|0|0.0|0|0.0|0|20|4.0
326|김이순장춘|0.0|0|4.9|7|0.0|0|0.0|0|0.0|0|7|4.9
327|김작가의이중생활 신사가로수길점|0.0|0|2.3|21|0.0|0|0.0|0|0.0|0|21|2.3
328|까사밀 레스토랑|0.0|0|4.0|18|0.0|0|0.0|0|0.0|0|18|4.0
329|꼬끄더그릴|0.0|0|4.3|57|0.0|0|0.0|0|0.0|0|57|4.3
330|꼬륵 신사본점|0.0|0|4.0|60|0.0|0|0.0|0|0.0|0|60|4.0
331|꽁티드툴레아|0.0|0|3.2|841|4.0|15|0.0|0|4.2|86|942|3.3
332|끌림이탈리아|0.0|0|4.8|29|0.0|0|0.0|0|0.0|0|29|4.8
333|나미나미|0.0|0|3.7|18|0.0|0|0.0|0|0.0|0|18|3.7
334|네기스키야키|0.0|0|4.0|100|0.0|0|0.0|0|4.3|20|120|4.05
335|노아베이커리 압구정본점|0.0|0|3.8|120|0.0|0|0.0|0|0.0|0|120|3.8
336|노이에아트멍|0.0|0|4.4|19|0.0|0|0.0|0|4.1|24|43|4.23
337|논탄토|0.0|0|3.8|163|0.0|0|0.0|0|0.0|0|163|3.8
338|다이닝마|0.0|0|2.0|6|0.0|0|0.0|0|0.0|0|6|2.0
339|담미온 압구정점|0.0|0|3.3|25|0.0|0|0.0|0|0.0|0|25|3.3
340|대가방 압구정점|0.0|0|4.0|27|0.0|0|0.0|0|0.0|0|27|4.0
341|더앨리 가로수길점|0.0|0|3.3|65|0.0|0|0.0|0|0.0|0|65|3.3
342|더팔당 본점|0.0|0|2.6|35|0.0|0|0.0|0|0.0|0|35|2.6
343|도마야끼덕아웃|0.0|0|3.3|16|0.0|0|0.0|0|0.0|0|16|3.3
344|도산사카바카와세미|0.0|0|3.5|45|0.0|0|0.0|0|0.0|0|45|3.5
345|도수향|0.0|0|3.2|102|4.6|6|0.0|0|4.1|20|128|3.41
346|도어401|0.0|0|3.3|80|0.0|0|0.0|0|0.0|0|80|3.3
347|도쿄수플레 가로수길점|0.0|0|2.5|31|0.0|0|0.0|0|0.0|0|31|2.5
348|두부공작소 신사직영점|0.0|0|3.5|16|0.0|0|0.0|0|0.0|0|16|3.5
349|두사라|0.0|0|4.4|4|0.0|0|0.0|0|0.0|0|4|4.4
350|딸부자네불백 가로수길점|0.0|0|3.6|23|0.0|0|0.0|0|0.0|0|23|3.6
351|딸부자네불백 신사본점|0.0|0|3.6|46|0.0|0|0.0|0|0.0|0|46|3.6
352|라공방 가로수길본점|0.0|0|2.5|218|0.0|0|0.0|0|0.0|0|218|2.5
353|라그릴리아 청담점|0.0|0|3.1|37|0.0|0|4.0|1|0.0|0|38|3.12
354|라무진 신사가로수점|0.0|0|4.6|46|0.0|0|0.0|0|0.0|0|46|4.6
355|램브라튼|0.0|0|3.8|113|0.0|0|4.5|6|4.2|52|171|3.95
356|레더라 압구정점|0.0|0|4.0|24|0.0|0|0.0|0|0.0|0|24|4.0
357|레드클라우드|0.0|0|4.2|8|0.0|0|0.0|0|0.0|0|8|4.2
358|레이브릭스|0.0|0|3.3|36|0.0|0|0.0|0|0.0|0|36|3.3
359|로바다야끼최군|0.0|0|1.6|37|0.0|0|0.0|0|0.0|0|37|1.6
360|로바타탄요 압구정|0.0|0|3.9|86|0.0|0|0.0|0|0.0|0|86|3.9
361|로지|0.0|0|3.4|36|0.0|0|0.0|0|0.0|0|36|3.4
362|로프트|0.0|0|3.4|161|0.0|0|0.0|0|4.0|75|236|3.59
363|롤링파스타 가로수길점|0.0|0|4.1|98|0.0|0|0.0|0|0.0|0|98|4.1
364|롱타임노씨 신사점|0.0|0|4.0|124|0.0|0|0.0|0|0.0|0|124|4.0
365|갓포우오|0.0|0|4.0|176|0.0|0|0.0|0|0.0|0|176|4.0
366|루307|0.0|0|4.7|43|0.0|0|0.0|0|0.0|0|43|4.7
367|루비떡볶이|0.0|0|3.2|175|0.0|0|0.0|0|0.0|0|175|3.2
368|루위|0.0|0|3.3|248|0.0|0|0.0|0|0.0|0|248|3.3
369|룽청|0.0|0|4.1|87|0.0|0|0.0|0|0.0|0|87|4.1
370|르포트13|0.0|0|3.5|82|0.0|0|0.0|0|0.0|0|82|3.5
371|리김밥 압구정본점|0.0|0|3.2|25|0.0|0|0.0|0|0.0|0|25|3.2
372|리커테이션|0.0|0|4.3|171|0.0|0|0.0|0|4.3|13|184|4.3
373|리틀사이공 압구정본점|0.0|0|3.8|59|0.0|0|0.0|0|0.0|0|59|3.8
374|리틀인디아|0.0|0|4.6|35|0.0|0|0.0|0|0.0|0|35|4.6
375|마구로젠 신사점|0.0|0|4.3|61|0.0|0|0.0|0|0.0|0|61|4.3
376|마리모|0.0|0|3.5|5|0.0|0|0.0|0|0.0|0|5|3.5
377|마법갈비요술꼬치|0.0|0|3.4|51|0.0|0|0.0|0|0.0|0|51|3.4
378|마봉양꼬치 압구정점|0.0|0|4.0|14|0.0|0|0.0|0|0.0|0|14|4.0
379|마산옥|0.0|0|2.9|18|0.0|0|0.0|0|0.0|0|18|2.9
380|마치마치 가로수길점|0.0|0|2.9|28|0.0|0|0.0|0|0.0|0|28|2.9
381|마크레인커피|0.0|0|3.4|66|0.0|0|0.0|0|4.0|131|197|3.8
382|맥도날드 신사역점|0.0|0|3.0|17|0.0|0|0.0|0|0.0|0|17|3.0
383|맥도날드 압구정CGV점|0.0|0|2.2|13|0.0|0|0.0|0|0.0|0|13|2.2
384|메이드|0.0|0|3.8|137|0.0|0|4.5|10|0.0|0|147|3.85
385|명인등심 압구정직영점|0.0|0|4.3|41|0.0|0|0.0|0|0.0|0|41|4.3
386|모로미 도산공원점|0.0|0|4.2|57|0.0|0|0.0|0|0.0|0|57|4.2
387|모즈|0.0|0|3.1|11|0.0|0|0.0|0|4.1|20|31|3.75
388|모퉁이흑미김밥|0.0|0|5.0|5|0.0|0|0.0|0|0.0|0|5|5.0
389|몽고네|0.0|0|3.5|69|0.0|0|0.0|0|4.1|78|147|3.82
390|몽리|0.0|0|3.7|39|0.0|0|0.0|0|0.0|0|39|3.7
391|무교동유정낙지 압구정직영점|0.0|0|1.6|21|0.0|0|0.0|0|0.0|0|21|1.6
392|무니 압구정본점|0.0|0|3.4|70|0.0|0|0.0|0|0.0|0|70|3.4
393|무아|0.0|0|4.8|90|0.0|0|0.0|0|4.3|6|96|4.77
394|미노스|0.0|0|4.3|7|0.0|0|0.0|0|0.0|0|7|4.3
395|미라이|0.0|0|3.8|74|0.0|0|0.0|0|4.8|120|194|4.42
396|미미갈비|0.0|0|3.0|77|0.0|0|0.0|0|0.0|0|77|3.0
397|미방 압구정점|0.0|0|2.8|5|0.0|0|0.0|0|0.0|0|5|2.8
398|미켈러바|0.0|0|3.7|9|0.0|0|0.0|0|0.0|0|9|3.7
399|밀떡팩토리 본점|0.0|0|4.0|80|0.0|0|0.0|0|0.0|0|80|4.0
400|배스킨라빈스 세로수길점|0.0|0|5.0|27|0.0|0|0.0|0|0.0|0|27|5.0
401|뱅가|0.0|0|4.3|46|0.0|0|0.0|0|4.1|40|86|4.21
402|버터풀&크리멀러스|0.0|0|4.3|193|0.0|0|0.0|0|0.0|0|193|4.3
403|베이징덕|0.0|0|2.5|82|0.0|0|0.0|0|0.0|0|82|2.5
404|병철이네쪽갈비|0.0|0|3.6|50|0.0|0|0.0|0|0.0|0|50|3.6
405|보물선 신사본점|0.0|0|2.6|14|0.0|0|0.0|0|0.0|0|14|2.6
406|보바베어|0.0|0|3.4|8|0.0|0|0.0|0|0.0|0|8|3.4
407|보울룸|0.0|0|3.9|262|0.0|0|0.0|0|0.0|0|262|3.9
408|본태|0.0|0|3.3|128|0.0|0|0.0|0|0.0|0|128|3.3
409|부머스 도산점|0.0|0|2.3|73|0.0|0|0.0|0|0.0|0|73|2.3
410|불공장|0.0|0|2.9|46|0.0|0|0.0|0|0.0|0|46|2.9
411|붓처스컷 도산|0.0|0|0.0|37|0.0|0|0.0|0|0.0|0|37|0.0
412|브리오슈도레 압구정역점|0.0|0|3.2|15|0.0|0|0.0|0|0.0|0|15|3.2
413|비비드|0.0|0|3.8|87|0.0|0|0.0|0|0.0|0|87|3.8
414|비스트로스파크|0.0|0|4.1|25|0.0|0|0.0|0|0.0|0|25|4.1
415|비엔나커피하우스 압구정극동타워점|0.0|0|4.4|13|0.0|0|0.0|0|0.0|0|13|4.4
416|빌라레코드|0.0|0|4.8|41|0.0|0|0.0|0|0.0|0|41|4.8
417|빵어니스타 압구정점|0.0|0|3.6|82|0.0|0|0.0|0|0.0|0|82|3.6
418|사가라멘 가로수길점|0.0|0|3.0|128|0.0|0|0.0|0|0.0|0|128|3.0
419|사케리아잇콘|0.0|0|4.4|43|0.0|0|0.0|0|4.1|28|71|4.28
420|산호|0.0|0|3.2|39|0.0|0|0.0|0|4.0|27|66|3.53
421|살롱드애일리|0.0|0|4.5|64|0.0|0|0.0|0|0.0|0|64|4.5
422|삼백집 가로수길직영점|0.0|0|3.4|17|0.0|0|0.0|0|0.0|0|17|3.4
423|삼정하누 도산공원점|0.0|0|4.2|17|0.0|0|0.0|0|0.0|0|17|4.2
424|삼화식당1972 본점|0.0|0|4.9|116|0.0|0|0.0|0|0.0|0|116|4.9
425|삿뽀로 압구정점|0.0|0|4.0|18|0.0|0|0.0|0|0.0|0|18|4.0
426|생활맥주 압구정로데오점|0.0|0|1.7|15|0.0|0|0.0|0|0.0|0|15|1.7
427|설매네|0.0|0|3.6|23|0.0|0|0.0|0|0.0|0|23|3.6
428|성하루|0.0|0|4.9|2|0.0|0|0.0|0|0.0|0|2|4.9
429|세광양대창 신사역가로수길점|0.0|0|3.4|103|0.0|0|0.0|0|0.0|0|103|3.4
430|소나무|0.0|0|5.0|28|0.0|0|0.0|0|4.3|7|35|4.86
431|솔빈덕|0.0|0|3.2|13|0.0|0|0.0|0|0.0|0|13|3.2
432|송옥 압구정분점|0.0|0|3.2|25|0.0|0|0.0|0|0.0|0|25|3.2
433|수린|0.0|0|4.2|32|0.0|0|0.0|0|0.0|0|32|4.2
434|수퍼판|0.0|0|3.9|49|0.0|0|0.0|0|0.0|0|49|3.9
435|순정족발 신사본점|0.0|0|4.4|6|0.0|0|0.0|0|0.0|0|6|4.4
436|슈바빙|0.0|0|4.2|44|0.0|0|0.0|0|0.0|0|44|4.2
437|슈퍼커피 압구정로데오점|0.0|0|5.0|16|0.0|0|0.0|0|0.0|0|16|5.0
438|스시류코|0.0|0|4.3|41|0.0|0|0.0|0|0.0|0|41|4.3
439|스시시미즈|0.0|0|3.4|74|0.0|0|0.0|0|0.0|0|74|3.4
440|스시에비스|0.0|0|3.6|48|0.0|0|0.0|0|0.0|0|48|3.6
441|스시우찌|0.0|0|4.2|19|0.0|0|0.0|0|0.0|0|19|4.2
442|스시인|0.0|0|3.6|84|0.0|0|0.0|0|4.3|22|106|3.75
443|스시카이세이|0.0|0|3.6|68|0.0|0|0.0|0|4.3|20|88|3.76
444|스시코마츠|0.0|0|2.9|32|0.0|0|0.0|0|4.0|31|63|3.44
445|스시킨|0.0|0|4.5|5|0.0|0|0.0|0|0.0|0|5|4.5
446|스쿠로|0.0|0|4.1|32|0.0|0|4.5|3|0.0|0|35|4.13
447|스타벅스 가로수길점|0.0|0|2.8|16|0.0|0|0.0|0|0.0|0|16|2.8
448|스타벅스 신사가로수점|0.0|0|4.1|16|0.0|0|0.0|0|0.0|0|16|4.1
449|스타벅스 신압구정점|0.0|0|3.0|10|0.0|0|0.0|0|0.0|0|10|3.0
450|스타벅스 압구정|0.0|0|3.7|10|0.0|0|0.0|0|0.0|0|10|3.7
451|스타벅스 압구정R점|0.0|0|4.6|20|0.0|0|0.0|0|0.0|0|20|4.6
452|스타벅스 압구정미소점|0.0|0|4.1|13|0.0|0|0.0|0|0.0|0|13|4.1
453|스타벅스 압구정역점|0.0|0|3.9|17|0.0|0|0.0|0|0.0|0|17|3.9
454|스튜부대|0.0|0|4.0|197|0.0|0|0.0|0|0.0|0|197|4.0
455|스폰티니 신사가로수길점|0.0|0|3.3|3|0.0|0|0.0|0|0.0|0|3|3.3
456|시골밥상 압구정점|0.0|0|2.1|41|0.0|0|0.0|0|0.0|0|41|2.1
457|식부관|0.0|0|3.6|49|0.0|0|0.0|0|0.0|0|49|3.6
458|신사동가자|0.0|0|4.1|154|0.0|0|0.0|0|0.0|0|154|4.1
459|신사소곱창 신사본점|0.0|0|3.2|124|0.0|0|0.0|0|0.0|0|124|3.2
460|신사양꼬치 가로수길본점|0.0|0|3.9|18|0.0|0|0.0|0|0.0|0|18|3.9
461|신사연어|0.0|0|3.5|78|4.2|13|0.0|0|0.0|0|91|3.6
462|신사쭈꾸미|0.0|0|2.9|37|0.0|0|0.0|0|0.0|0|37|2.9
463|써브웨이 압구정역점|0.0|0|2.7|11|0.0|0|0.0|0|0.0|0|11|2.7
464|아우어베이커리 압구정소망점|0.0|0|4.4|54|0.0|0|0.0|0|0.0|0|54|4.4
465|immute|0.0|0|4.4|76|0.0|0|0.0|0|0.0|0|76|4.4
466|아티제 도산로점|0.0|0|3.7|28|0.0|0|0.0|0|0.0|0|28|3.7
467|안식 레스토랑|0.0|0|4.7|53|0.0|0|0.0|0|0.0|0|53|4.7
468|압구정곱창 2호점|0.0|0|4.0|27|0.0|0|0.0|0|0.0|0|27|4.0
469|압구정공주떡|0.0|0|3.9|354|4.5|14|0.0|0|0.0|0|368|3.92
470|압구정진주|0.0|0|3.5|62|0.0|0|0.0|0|0.0|0|62|3.5
471|앙스모멍|0.0|0|3.7|5|0.0|0|0.0|0|0.0|0|5|3.7
472|애월식당 압구정점|0.0|0|4.4|14|0.0|0|0.0|0|0.0|0|14|4.4
473|야키니쿠규|0.0|0|4.5|120|0.0|0|0.0|0|0.0|0|120|4.5
474|얌타이|0.0|0|4.29|24|0.0|0|0.0|0|0.0|0|24|4.29
475|양식당더램키친|0.0|0|4.2|45|0.0|0|0.0|0|4.3|68|113|4.26
476|어게인리프레쉬 가로수길점|0.0|0|4.0|62|0.0|0|0.0|0|0.0|0|62|4.0
477|어성일식|0.0|0|4.1|152|0.0|0|0.0|0|4.1|9|161|4.1
478|에르바|0.0|0|3.9|91|0.0|0|0.0|0|0.0|0|91|3.9
479|에이블|0.0|0|3.2|44|0.0|0|0.0|0|0.0|0|44|3.2
480|엘이베리코 압구정점|0.0|0|3.6|35|0.0|0|0.0|0|0.0|0|35|3.6
481|연타발 압구정본점|0.0|0|4.3|20|0.0|0|0.0|0|0.0|0|20|4.3
482|연탄공장|0.0|0|2.6|40|0.0|0|0.0|0|0.0|0|40|2.6
483|영양센타|0.0|0|3.4|7|0.0|0|0.0|0|0.0|0|7|3.4
484|옛향기가득한 동인동|0.0|0|3.9|28|0.0|0|0.0|0|0.0|0|28|3.9
485|오늘와인한잔 신사세로수길점|0.0|0|1.5|46|0.0|0|0.0|0|0.0|0|46|1.5
486|오늘잡은안동갈비 신사점|0.0|0|2.3|33|0.0|0|0.0|0|0.0|0|33|2.3
487|오라방|0.0|0|4.2|20|0.0|0|0.0|0|4.3|14|34|4.24
488|오레노유메 가로수길점|0.0|0|3.4|16|0.0|0|0.0|0|0.0|0|16|3.4
489|오미가|0.0|0|2.6|17|0.0|0|0.0|0|0.0|0|17|2.6
490|오복수산시장 도산공원점|0.0|0|2.8|45|0.0|0|0.0|0|0.0|0|45|2.8
491|오븟|0.0|0|3.7|44|0.0|0|0.0|0|0.0|0|44|3.7
492|와라야끼 쿠이신보|0.0|0|3.7|50|0.0|0|0.0|0|0.0|0|50|3.7
493|와인주막차차 압구정점|0.0|0|4.4|28|0.0|0|0.0|0|0.0|0|28|4.4
494|왕자장어|0.0|0|3.9|17|0.0|0|0.0|0|0.0|0|17|3.9
495|우림황소양곱창 본점|0.0|0|2.8|131|0.0|0|0.0|0|0.0|0|131|2.8
496|우오하나|0.0|0|4.4|155|0.0|0|0.0|0|0.0|0|155|4.4
497|우유니아이스크림|0.0|0|3.5|16|4.4|12|0.0|0|4.1|201|229|4.07
498|우찌노카레 압구정점|0.0|0|3.8|4|0.0|0|0.0|0|0.0|0|4|3.8
499|원조신사양곱창|0.0|0|4.8|88|0.0|0|0.0|0|0.0|0|88|4.8
500|웻커피 신사점|0.0|0|3.4|187|0.0|0|0.0|0|0.0|0|187|3.4
501|유노추보|0.0|0|3.1|152|0.0|0|0.0|0|0.0|0|152|3.1
502|유쾌한접시 신사본점|0.0|0|4.4|21|0.0|0|0.0|0|0.0|0|21|4.4
503|육갑식당 압구정신사직영점|0.0|0|5.0|4|0.0|0|0.0|0|0.0|0|4|5.0
504|이마스시|0.0|0|0.0|12|0.0|0|0.0|0|0.0|0|12|0.0
505|이비티|0.0|0|3.9|2|0.0|0|0.0|0|0.0|0|2|3.9
506|이속우화천공|0.0|0|3.8|147|0.0|0|0.0|0|4.1|7|154|3.81
507|이즈미 압구정본점|0.0|0|4.0|4|0.0|0|0.0|0|0.0|0|4|4.0
508|이코복스커피 압구정점|0.0|0|2.6|26|0.0|0|0.0|0|0.0|0|26|2.6
509|인딕슬로우|0.0|0|4.4|156|0.0|0|0.0|0|0.0|0|156|4.4
510|인사동촌|0.0|0|2.0|26|0.0|0|0.0|0|0.0|0|26|2.0
511|일도씨곱창 신사점|0.0|0|3.3|35|0.0|0|0.0|0|0.0|0|35|3.3
512|일무레또|0.0|0|4.2|21|0.0|0|0.0|0|4.3|34|55|4.26
513|자매의부엌|0.0|0|3.5|18|0.0|0|0.0|0|0.0|0|18|3.5
514|장사랑|0.0|0|3.8|34|4.2|7|4.5|10|4.0|120|171|4.0
515|잭슨피자 압구정점|0.0|0|4.2|143|0.0|0|0.0|0|0.0|0|143|4.2
516|저스트스테이크|0.0|0|3.2|29|0.0|0|0.0|0|0.0|0|29|3.2
517|정성담 압구정점|0.0|0|4.7|34|0.0|0|0.0|0|0.0|0|34|4.7
518|제일양 압구정로데오점|0.0|0|4.4|19|0.0|0|0.0|0|0.0|0|19|4.4
519|족황상제 압구정로데오점|0.0|0|4.3|99|0.0|0|0.0|0|0.0|0|99|4.3
520|주몽|0.0|0|2.4|4|0.0|0|0.0|0|0.0|0|4|2.4
521|지유가오카핫쵸메 압구정로데오점|0.0|0|4.8|21|0.0|0|0.0|0|0.0|0|21|4.8
522|창고43 압구정점|0.0|0|3.2|29|0.0|0|0.0|0|0.0|0|29|3.2
523|창화당 신사점|0.0|0|4.4|65|0.0|0|0.0|0|0.0|0|65|4.4
524|채운|0.0|0|3.8|33|0.0|0|0.0|0|0.0|0|33|3.8
525|청담미역 압구정점|0.0|0|4.1|5|0.0|0|0.0|0|0.0|0|5|4.1
526|청담반점 도산공원점|0.0|0|2.6|6|0.0|0|0.0|0|0.0|0|6|2.6
527|청담순두부 본점|0.0|0|2.0|43|0.0|0|0.0|0|0.0|0|43|2.0
528|청담정스시 가로수길점|0.0|0|2.6|34|0.0|0|0.0|0|0.0|0|34|2.6
529|청담플러스|0.0|0|3.8|83|0.0|0|0.0|0|0.0|0|83|3.8
530|최우영스시 압구정점|0.0|0|3.7|27|0.0|0|0.0|0|0.0|0|27|3.7
531|춘식당|0.0|0|3.4|136|0.0|0|0.0|0|0.0|0|136|3.4
532|카멜커피 도산2호점|0.0|0|3.2|56|0.0|0|0.0|0|0.0|0|56|3.2
533|카시나카페|0.0|0|3.6|58|0.0|0|0.0|0|0.0|0|58|3.6
534|카페뮤제|0.0|0|3.7|102|0.0|0|0.0|0|0.0|0|102|3.7
535|카페뮬라 가로수길점|0.0|0|2.6|113|0.0|0|0.0|0|0.0|0|113|2.6
536|카페바잇미 신사점|0.0|0|4.7|35|0.0|0|0.0|0|0.0|0|35|4.7
537|카페파이브바|0.0|0|4.4|29|0.0|0|0.0|0|0.0|0|29|4.4
538|커피라이터|0.0|0|4.5|25|0.0|0|0.0|0|4.0|98|123|4.1
539|커피빈 압구정로데오점|0.0|0|5.0|4|0.0|0|0.0|0|0.0|0|4|5.0
540|커피오카|0.0|0|4.6|22|0.0|0|0.0|0|0.0|0|22|4.6
541|컬렉션라운지|0.0|0|2.9|56|0.0|0|0.0|0|0.0|0|56|2.9
542|코다차야|0.0|0|2.3|25|0.0|0|0.0|0|0.0|0|25|2.3
543|코레아노스키친 압구정점|0.0|0|3.2|39|0.0|0|0.0|0|0.0|0|39|3.2
544|키쏘커피 도산점|0.0|0|3.1|15|0.0|0|0.0|0|0.0|0|15|3.1
545|타코벨 압구정점|0.0|0|2.6|9|0.0|0|0.0|0|0.0|0|9|2.6
546|탐앤탐스 더클래식압구정로데오점|0.0|0|2.3|17|0.0|0|0.0|0|0.0|0|17|2.3
547|탐앤탐스 압구정본점|0.0|0|2.3|22|0.0|0|0.0|0|0.0|0|22|2.3
548|탐앤탐스블랙 압구정점|0.0|0|2.4|9|0.0|0|0.0|0|0.0|0|9|2.4
549|테일러커피 신사점|0.0|0|4.4|234|0.0|0|0.0|0|0.0|0|234|4.4
550|투썸플레이스 강남도산점|0.0|0|4.0|5|0.0|0|0.0|0|0.0|0|5|4.0
551|투썸플레이스 강남신사점|0.0|0|1.9|3|0.0|0|0.0|0|0.0|0|3|1.9
552|파지티브호텔 뷰티그로서리|0.0|0|3.3|81|0.0|0|0.0|0|0.0|0|81|3.3
553|파티오42 압구정점|0.0|0|0.0|40|0.0|0|0.0|0|0.0|0|40|0.0
554|팻보이샌드위치|0.0|0|3.8|12|0.0|0|0.0|0|0.0|0|12|3.8
555|포도식당 압구정본점|0.0|0|2.3|13|0.0|0|0.0|0|0.0|0|13|2.3
556|포케올데이 신사점|0.0|0|4.8|34|0.0|0|0.0|0|0.0|0|34|4.8
557|폴바셋 압구정2호점|0.0|0|3.3|10|0.0|0|0.0|0|0.0|0|10|3.3
558|플라워베이커리 가로수길점|0.0|0|4.1|142|0.0|0|0.0|0|0.0|0|142|4.1
559|피쉬스토리 압구정본점|0.0|0|4.1|36|0.0|0|0.0|0|0.0|0|36|4.1
560|피자익스프레스|0.0|0|2.3|76|0.0|0|0.0|0|0.0|0|76|2.3
561|피치|0.0|0|1.7|6|0.0|0|0.0|0|0.0|0|6|1.7
562|하나우동|0.0|0|3.8|40|0.0|0|0.0|0|0.0|0|40|3.8
563|하모|0.0|0|3.6|34|0.0|0|4.5|14|0.0|0|48|3.86
564|한잔의추억|0.0|0|3.0|291|0.0|0|0.0|0|4.1|229|520|3.48
565|할리스 세로수길점|0.0|0|2.9|8|0.0|0|0.0|0|0.0|0|8|2.9
566|함흥면옥 압구정점|0.0|0|3.7|40|0.0|0|0.0|0|0.0|0|40|3.7
567|해남집|0.0|0|3.4|30|0.0|0|0.0|0|0.0|0|30|3.4
568|행복추풍령칼삼겹살 압구정점|0.0|0|4.5|16|0.0|0|0.0|0|0.0|0|16|4.5
569|헤이미|0.0|0|3.7|10|0.0|0|0.0|0|0.0|0|10|3.7
570|헬로우|0.0|0|4.5|39|0.0|0|0.0|0|0.0|0|39|4.5
571|호남식당|0.0|0|3.5|16|0.0|0|0.0|0|0.0|0|16|3.5
572|회춘|0.0|0|3.5|140|0.0|0|0.0|0|0.0|0|140|3.5
573|히바치참치|0.0|0|3.5|73|0.0|0|0.0|0|0.0|0|73|3.5
574|카츠 바이 콘반|0.0|0|0.0|0|4.9|21|0.0|0|0.0|0|21|4.9
575|새들러 하우스|0.0|0|0.0|0|4.7|22|0.0|0|0.0|0|22|4.7
576|미미면가 2호점|0.0|0|0.0|0|3.9|72|0.0|0|0.0|0|72|3.9
577|대가방 압구정동점|0.0|0|0.0|0|4.4|7|0.0|0|0.0|0|7|4.4
578|겟썸커피|0.0|0|0.0|0|4.4|14|0.0|0|0.0|0|14|4.4
579|김북순 큰남비집 본점|0.0|0|0.0|0|4.3|9|0.0|0|0.0|0|9|4.3
580|쿠스 다이닝|0.0|0|0.0|0|4.6|6|0.0|0|0.0|0|6|4.6
581|구스테이크 528|0.0|0|0.0|0|4.5|4|0.0|0|0.0|0|4|4.5
582|산동교자관|0.0|0|0.0|0|4.6|4|0.0|0|0.0|0|4|4.6
583|신사랑|0.0|0|0.0|0|4.3|8|0.0|0|0.0|0|8|4.3
584|우마텐 텐동|0.0|0|0.0|0|4.2|11|0.0|0|0.0|0|11|4.2
585|감성타코|0.0|0|0.0|0|3.7|33|0.0|0|0.0|0|33|3.7
586|네기 스키야키|0.0|0|0.0|0|4.2|4|0.0|0|0.0|0|4|4.2
587|홍미닭발 신사점|0.0|0|0.0|0|4.1|13|0.0|0|0.0|0|13|4.1
588|쉑쉑버거 청담점|0.0|0|0.0|0|3.7|42|0.0|0|0.0|0|42|3.7
589|뉴 델리|0.0|0|0.0|0|0.0|0|5.0|123|0.0|0|123|5.0
590|류니끄|0.0|0|0.0|0|0.0|0|4.5|131|0.0|0|131|4.5
591|코리아노스 키친 본점|0.0|0|0.0|0|0.0|0|4.0|76|0.0|0|76|4.0
592|스쿨푸드 가로수길점|0.0|0|0.0|0|0.0|0|4.0|114|0.0|0|114|4.0
593|권숙수|0.0|0|0.0|0|0.0|0|4.5|50|0.0|0|50|4.5
594|강남면옥|0.0|0|0.0|0|0.0|0|4.0|59|0.0|0|59|4.0
595|깐부치킨 신사역점|0.0|0|0.0|0|0.0|0|4.0|37|0.0|0|37|4.0
596|셰막|0.0|0|0.0|0|0.0|0|4.5|34|0.0|0|34|4.5
597|포도식당 압구정점|0.0|0|0.0|0|0.0|0|4.5|27|0.0|0|27|4.5
598|투뿔 등심 논현2호점|0.0|0|0.0|0|0.0|0|4.5|26|0.0|0|26|4.5
599|김북순 큰남비집|0.0|0|0.0|0|0.0|0|4.5|33|0.0|0|33|4.5
600|일일향 압구정 1호점|0.0|0|0.0|0|0.0|0|4.5|24|0.0|0|24|4.5
601|저스트 스테이크|0.0|0|0.0|0|0.0|0|4.5|1|0.0|0|1|4.5
602|엘본 더 테이블 가로수길 본점 |0.0|0|0.0|0|0.0|0|3.5|59|0.0|0|59|3.5
603|세광양대창 - 신사역가로수길점|0.0|0|0.0|0|0.0|0|5.0|10|0.0|0|10|5.0
604|머그포래빗 강남점|0.0|0|0.0|0|0.0|0|4.5|17|0.0|0|17|4.5
605|마사 타코스|0.0|0|0.0|0|0.0|0|4.5|16|0.0|0|16|4.5
606|까페 마당|0.0|0|0.0|0|0.0|0|4.0|20|0.0|0|20|4.0
607|팔일삼|0.0|0|0.0|0|0.0|0|4.5|12|0.0|0|12|4.5
608|민스키친|0.0|0|0.0|0|0.0|0|4.5|13|0.0|0|13|4.5
609|순남시래기 압구정점|0.0|0|0.0|0|0.0|0|4.5|13|0.0|0|13|4.5
610|그랑씨엘 도산점|0.0|0|0.0|0|0.0|0|4.5|12|0.0|0|12|4.5
611|르 브런쉭 신사점|0.0|0|0.0|0|0.0|0|4.5|12|0.0|0|12|4.5
612|아우어 베이커리 가로수길점|0.0|0|0.0|0|0.0|0|4.0|15|0.0|0|15|4.0
613|연타발 압구정 본점|0.0|0|0.0|0|0.0|0|4.0|15|0.0|0|15|4.0
614|아비꼬 신사가로수길점|0.0|0|0.0|0|0.0|0|4.0|17|0.0|0|17|4.0
615|테이블스타|0.0|0|0.0|0|0.0|0|4.0|9|0.0|0|9|4.0
616|라미띠에|0.0|0|0.0|0|0.0|0|4.5|10|0.0|0|10|4.5
617|위키드스노우 신사3호점|0.0|0|0.0|0|0.0|0|4.0|10|0.0|0|10|4.0
618|완산골명가 압구정점|0.0|0|0.0|0|0.0|0|4.5|11|0.0|0|11|4.5
619|이타카|0.0|0|0.0|0|0.0|0|5.0|4|0.0|0|4|5.0
620|보나세라|0.0|0|0.0|0|0.0|0|4.0|16|0.0|0|16|4.0
621|교촌치킨 압구정신사점|0.0|0|0.0|0|0.0|0|4.5|5|0.0|0|5|4.5
622|스시기요세|0.0|0|0.0|0|0.0|0|5.0|3|0.0|0|3|5.0
623|한우리음식 논현점|0.0|0|0.0|0|0.0|0|4.0|9|0.0|0|9|4.0
624|두부공작소 신사점|0.0|0|0.0|0|0.0|0|4.0|5|0.0|0|5|4.0
625|빌라 드 스파이시|0.0|0|0.0|0|0.0|0|3.5|16|0.0|0|16|3.5
626|JS 가든 압구정점|0.0|0|0.0|0|0.0|0|4.0|12|0.0|0|12|4.0
627|카페포엠|0.0|0|0.0|0|0.0|0|4.0|6|0.0|0|6|4.0
628|솔트|0.0|0|0.0|0|0.0|0|4.5|4|0.0|0|4|4.5
629|미앙|0.0|0|0.0|0|0.0|0|5.0|2|0.0|0|2|5.0
630|무라사키|0.0|0|0.0|0|0.0|0|4.5|3|0.0|0|3|4.5
631|우 텐더|0.0|0|0.0|0|0.0|0|3.5|7|0.0|0|7|3.5
632|몽크투바흐|0.0|0|0.0|0|0.0|0|5.0|1|0.0|0|1|5.0
633|피오렌티나|0.0|0|0.0|0|0.0|0|5.0|1|0.0|0|1|5.0
634|아비꼬 압구정로데오점|0.0|0|0.0|0|0.0|0|4.0|2|0.0|0|2|4.0
635|개화옥|0.0|0|0.0|0|0.0|0|3.0|9|0.0|0|9|3.0
636|아라도|0.0|0|0.0|0|0.0|0|3.0|1|0.0|0|1|3.0
637|마히나 비건 테이블|0.0|0|0.0|0|0.0|0|5.0|2|0.0|0|2|5.0
638|시라카와|0.0|0|0.0|0|0.0|0|0.0|0|4.8|66|66|4.8
639|일리조|0.0|0|0.0|0|0.0|0|0.0|0|4.8|38|38|4.8
640|로바타탄요|0.0|0|0.0|0|0.0|0|0.0|0|4.7|91|91|4.7
641|코슌|0.0|0|0.0|0|0.0|0|0.0|0|4.7|23|23|4.7
642|인딕 슬로우|0.0|0|0.0|0|0.0|0|0.0|0|4.7|74|74|4.7
643|삐아프|0.0|0|0.0|0|0.0|0|0.0|0|4.7|79|79|4.7
644|상진식감|0.0|0|0.0|0|0.0|0|0.0|0|4.7|7|7|4.7
645|와라야키 쿠이신보|0.0|0|0.0|0|0.0|0|0.0|0|4.6|122|122|4.6
646|신비갈비살|0.0|0|0.0|0|0.0|0|0.0|0|4.6|26|26|4.6
647|따띠따띠|0.0|0|0.0|0|0.0|0|0.0|0|4.6|12|12|4.6
648|스시 시미즈|0.0|0|0.0|0|0.0|0|0.0|0|4.5|26|26|4.5
649|솔밤|0.0|0|0.0|0|0.0|0|0.0|0|4.5|7|7|4.5
650|돈불리제담|0.0|0|0.0|0|0.0|0|0.0|0|4.5|18|18|4.5
651|청우참치|0.0|0|0.0|0|0.0|0|0.0|0|4.5|18|18|4.5
652|갓포아키|0.0|0|0.0|0|0.0|0|0.0|0|4.4|134|134|4.4
653|켄|0.0|0|0.0|0|0.0|0|0.0|0|4.4|21|21|4.4
654|스미카|0.0|0|0.0|0|0.0|0|0.0|0|4.4|11|11|4.4
655|압구정공주떡집|0.0|0|0.0|0|0.0|0|0.0|0|4.4|121|121|4.4
656|오사카카레콘유|0.0|0|0.0|0|0.0|0|0.0|0|4.4|28|28|4.4
657|야키토리묵|0.0|0|0.0|0|0.0|0|0.0|0|4.4|9|9|4.4
658|비스트로앤트로|0.0|0|0.0|0|0.0|0|0.0|0|4.4|10|10|4.4
659|야키토리파노|0.0|0|0.0|0|0.0|0|0.0|0|4.4|7|7|4.4
660|상석|0.0|0|0.0|0|0.0|0|0.0|0|4.4|7|7|4.4
661|신사치킨클럽|0.0|0|0.0|0|0.0|0|0.0|0|4.4|13|13|4.4
662|윤잇|0.0|0|0.0|0|0.0|0|0.0|0|4.4|4|4|4.4
663|볼피노리스토란테|0.0|0|0.0|0|0.0|0|0.0|0|4.3|116|116|4.3
664|테일러커피|0.0|0|0.0|0|0.0|0|0.0|0|4.3|98|98|4.3
665|잭슨피자|0.0|0|0.0|0|0.0|0|0.0|0|4.3|43|43|4.3
666|아이뽀유|0.0|0|0.0|0|0.0|0|0.0|0|4.3|25|25|4.3
667|씨네드쉐프|0.0|0|0.0|0|0.0|0|0.0|0|4.3|33|33|4.3
668|컨플릭트 스토어|0.0|0|0.0|0|0.0|0|0.0|0|4.3|49|49|4.3
669|사녹|0.0|0|0.0|0|0.0|0|0.0|0|4.3|20|20|4.3
670|스시기요이|0.0|0|0.0|0|0.0|0|0.0|0|4.3|6|6|4.3
671|스시이타루|0.0|0|0.0|0|0.0|0|0.0|0|4.3|8|8|4.3
672|아스트랄|0.0|0|0.0|0|0.0|0|0.0|0|4.3|9|9|4.3
673|갓포치유|0.0|0|0.0|0|0.0|0|0.0|0|4.3|16|16|4.3
674|Sogak|0.0|0|0.0|0|0.0|0|0.0|0|4.3|22|22|4.3
675|알고리즘|0.0|0|0.0|0|0.0|0|0.0|0|4.3|5|5|4.3
676|현대카드 쿠킹 라이브러리(델리)|0.0|0|0.0|0|0.0|0|0.0|0|4.3|9|9|4.3
677|야스노야지로|0.0|0|0.0|0|0.0|0|0.0|0|4.2|29|29|4.2
678|스시오마주|0.0|0|0.0|0|0.0|0|0.0|0|4.2|16|16|4.2
679|이태리 갓포 분이네|0.0|0|0.0|0|0.0|0|0.0|0|4.2|17|17|4.2
680|금수복국|0.0|0|0.0|0|0.0|0|0.0|0|4.2|13|13|4.2
681|획|0.0|0|0.0|0|0.0|0|0.0|0|4.2|6|6|4.2
682|청담미역|0.0|0|0.0|0|0.0|0|0.0|0|4.2|26|26|4.2
683|켄카|0.0|0|0.0|0|0.0|0|0.0|0|4.2|17|17|4.2
684|얀 쿠브레|0.0|0|0.0|0|0.0|0|0.0|0|4.2|4|4|4.2
685|엘이베리코|0.0|0|0.0|0|0.0|0|0.0|0|4.1|24|24|4.1
686|노아베이커리|0.0|0|0.0|0|0.0|0|0.0|0|4.1|82|82|4.1
687|삼원가든 |0.0|0|0.0|0|0.0|0|0.0|0|4.1|63|63|4.1
688|스시츠바키|0.0|0|0.0|0|0.0|0|0.0|0|4.1|9|9|4.1
689|코이에|0.0|0|0.0|0|0.0|0|0.0|0|4.1|21|21|4.1
690|명인등심|0.0|0|0.0|0|0.0|0|0.0|0|4.1|16|16|4.1
691|막걸리는살아있다|0.0|0|0.0|0|0.0|0|0.0|0|4.1|9|9|4.1
692|카카오빈|0.0|0|0.0|0|0.0|0|0.0|0|4.1|21|21|4.1
693|복싱타이거|0.0|0|0.0|0|0.0|0|0.0|0|4.1|17|17|4.1
694|서강쇠떡볶이|0.0|0|0.0|0|0.0|0|0.0|0|4.1|23|23|4.1
695|금산제면소|0.0|0|0.0|0|0.0|0|0.0|0|4.1|14|14|4.1
696|파인앤코|0.0|0|0.0|0|0.0|0|0.0|0|4.1|10|10|4.1
697|카페이모야|0.0|0|0.0|0|0.0|0|0.0|0|4.1|7|7|4.1
698|무지개포차|0.0|0|0.0|0|0.0|0|0.0|0|4.1|5|5|4.1
699|폴스타|0.0|0|0.0|0|0.0|0|0.0|0|4.0|49|49|4.0
700|뜨라또리아샘킴|0.0|0|0.0|0|0.0|0|0.0|0|4.0|17|17|4.0
701|코타by뎐|0.0|0|0.0|0|0.0|0|0.0|0|4.0|29|29|4.0
702|대가방|0.0|0|0.0|0|0.0|0|0.0|0|4.0|86|86|4.0
